,Text,target
0,polis tangkap,NonCyberbully
1,kenapa lokasi kebakaran terlalu spesifik,NonCyberbully
2,menyesal for birthday,NonCyberbully
3,meriah tah,NonCyberbully
4,asal bs kelar kerja jam sik kl baru diajak meeting jam kelar jam mah bye,NonCyberbully
5,hmmm minta dorang pasang pencawang phone sekali asyik emergency call,NonCyberbully
6,tinggal barang uninstall shopee,NonCyberbully
7,juta,NonCyberbully
8,assalamualaikum yb are you coming down to parit yusof my grandparents kat rasanya daftar vaksin they dont have smartphones please help,NonCyberbully
9,terengganu tumbang,NonCyberbully
10,capek,NonCyberbully
11,kau pancitkan kereta kenapa kau xtegur senior tagcall da lol pukik,Cyberbully
12,pande tetak indah maca duak menyuweet bepantun comment duak sikda ws kah mun sikda ws pake ws lok kedong sik make,Cyberbully
13,patutlah jodoh lambat ah lantak,Cyberbully
14,cultural appropriation tuhan kasi konek negro,NonCyberbully
15,suruh tangkap gambar tengok dulu belah laaa adeiiii,NonCyberbully
16,dahlah interface hauk content limited cruella bengang,NonCyberbully
17,rehat bangun is better i think,NonCyberbully
18,macam lumrah hidup survive kena kerja fuhh weekend hari siak cutinya,NonCyberbully
19,penat kepala otak,NonCyberbully
20,fak tiru,NonCyberbully
21,solidariti penghasut,NonCyberbully
22,masa kes kematian dorang berpuluh ribu sehari kes active baru seratus dua dorang payah,NonCyberbully
23,li isnt relevan,NonCyberbully
24,tunggang bang minyak murah katanya golongan kayangan nie murah murah cukai mahai ha,NonCyberbully
25,kata vellfire kep tetamu sada kenderaan milik sada kenapa plate tulis menteri besar kedah masalah ayaq kat kedah selesai mb bermewah kenderaan baru,NonCyberbully
26,laptop pulak alahai berat macam lori baling koma bang jamal,Cyberbully
27,confim flop masuk epl x yah,NonCyberbully
28,geram ek baca komen kt page malaysia embassy kt sgp kerajaan da bantu bahagi extension tahun nk komplen lg defakkk,Cyberbully
29,move on malas nk fikir panjang,NonCyberbully
30,betul kak asal kelantan bising macam negeri terpaling suci buat dosa,Cyberbully
31,lgbt kena perang,NonCyberbully
32,syed saddiq tuntut kerajaan strukturkan sistem percukaian masa pandemik kaya terus kaya tambahkan aset personal income realitinya muar ramai hilang kerja hilang kerja kena potong gaji,Cyberbully
33,ramai tahu betapa benci mp larut dsai semenjak an,Cyberbully
34,babi rt tweet masuk timeline semak babi,Cyberbully
35,setan ahahahah,NonCyberbully
36,fuhhhhhh rogol ey,NonCyberbully
37,jaga hati org hbis hati sapa mok jaga kimakkk,NonCyberbully
38,asyik tidur lambat bangun awal betul otak,NonCyberbully
39,driver taman medan gila siut,NonCyberbully
40,regional asia tenggara ngerinya mba muk,NonCyberbully
41,menggigil bodo typing,NonCyberbully
42,skechers buat sales campak phone,Cyberbully
43,tachiyomi update semalam harini,NonCyberbully
44,peram parcel dekat pendang semalam gerak,NonCyberbully
45,kenapa pulak potong bekalan air,NonCyberbully
46,kadang kadang rasa hina and keji manusia,NonCyberbully
47,dap dr kemboja india,NonCyberbully
48,sumpah tolol ih,NonCyberbully
49,innalillahiwainna ilai hirojiun salam takziah,NonCyberbully
50,makin meresahkan prof muhaya,NonCyberbully
51,avoid persiaran kuala selangor shah alam youll be stuck m longer than usual,NonCyberbully
52,takut betul eh buat kau confirm kena kecam theres always people get your c,NonCyberbully
53,dasar populist si saddiq terang tmj tolong rakyat johor johor susa,Cyberbully
54,cissa terlepas tengok moto gp,NonCyberbully
55,mental mandul,NonCyberbully
56,cemtu weh amir reject akuuu,NonCyberbully
57,pergi geng memc was was hurmm abam iskandar penyelamat makan subang ria,NonCyberbully
58,uish kau tengok si adam nganjing kuat tolong back up sis,NonCyberbully
59,yeah hbis dikecewain,NonCyberbully
60,takkan maafkan ye org kena mengena prn sabah mati takkan maafkan,NonCyberbully
61,kau sedih critic hidup muka buruk bau kepam,Cyberbully
62,syarat kelayakan mb kedah minat janda minat hutan dara minat gadis rewang memesongkan haluan sungai kenal jenis pokok balak pandai cosplay syarat kelebihan kena punyai kenderaan digunakan survey kawasan balak,NonCyberbully
63,harap anti vacc tengok video cannot imaging if this is one of our family covid is not a joke please stay safe amp follow sop we can fight this together semoga sembuhkan dijangkiti amp hilangkan virus muka bumi,Cyberbully
64,sebulan jumpa nenek satu family kene covid,NonCyberbully
65,kenapalah i,NonCyberbully
66,kote bharu,NonCyberbully
67,takut ibu,NonCyberbully
68,baru mengelabah hahaha,Cyberbully
69,rehat lansung asyik maki korang bodo bodo dibuat,NonCyberbully
70,pc tengok hari luak deh,NonCyberbully
71,bebas berkeliaran,NonCyberbully
72,makin buruk adaaa,NonCyberbully
73,rasa mau pijak muka mampu berimaginasi,NonCyberbully
74,jgn lupa u janji bawak i balik kampung tapiiii alahaiii covid covid,NonCyberbully
75,dasar jackal islam kerongkongan mulutnya via jempol semburkan kebohongan dusta henti,Cyberbully
76,mau letak jawatan,NonCyberbully
77,rimas gila customer macam awak place booking gitau process refund makan masa pastu hari,Cyberbully
78,adui lambat,NonCyberbully
79,lepas prof muhaya kena kecam free lasik mata kat netizen i buat lasik,NonCyberbully
80,beza project tasik chini psi disana tebuk tanah tebang pokok gali tanah disini tambak t,NonCyberbully
81,ntahlah kehidupan bosan,NonCyberbully
82,hentam pas hentam parti sains hentam kedua sekali,Cyberbully
83,penat mental penat emosi sekian,NonCyberbully
84,macam tauu diri gaji tk happy tau kekadang perasan gaji laki ka,Cyberbully
85,sebabkan org bangsat macam kau pas jahanam sebangsat bangsat manusia,Cyberbully
86,rt ramai biar satu malaysia tahu hutan malaysia,Cyberbully
87,bet k menang bodoh,Cyberbully
88,dasar hingusan,Cyberbully
89,grup mau berpura pura penyebab hancurnya ekonomi indonesia dipikir warga indonesia anak tk,NonCyberbully
90,local terengganu kali postpone tiket and penang again international,NonCyberbully
91,macam bab,Cyberbully
92,penat mimpi berlari turun naik tangga n so on bangun letih macam baru habis senam half sedar,NonCyberbully
93,degil mengalahkan buluh betong buat iklan macam siap letak mati,Cyberbully
94,tercarut,NonCyberbully
95,si azfar buat kat rosaklah seni tanah air tah pape juri,Cyberbully
96,korang ingat filem babe kisah babi duk kat bandar realiti kemarahan penang mengikut kajian,Cyberbully
97,pehtu jogging kena balik jerantut dulu keeeee macam manaaaaa,NonCyberbully
98,baru kau tau naz bilang sabah kau rasa oren si sara tawar hati kau padan muka kau,Cyberbully
99,berpura pura tersenyum reti nk berpura pura bahagia,Cyberbully
100,pulak salah hantar document,Cyberbully
101,rizalman contoh terbaik istijraj istijraj pemberian nikmat manusia pemberian diredhai,NonCyberbully
102,tunggu mukhlis baca harapnya bacakan hahah,NonCyberbully
103,sorang betul haha eh yeke innalilahiwainnailaihirajiun,Cyberbully
104,takkan kerja buat saringan us,Cyberbully
105,timeline hari dibanjiri perkataan bodoh,Cyberbully
106,kenapa kene wish birthday function ntah,NonCyberbully
107,kali jgn saman membabi buta,NonCyberbully
108,kenapa pulau pinang kelmarin,NonCyberbully
109,nong macam hang tahu depa pakai underwear ahsjdjdldlf,Cyberbully
110,kelantan no wonder,NonCyberbully
111,bukti pas tahu benda anggap liberal komunis pemahaman politik,Cyberbully
112,gelisah saat tidur gelisah saat bangun pengangguran kalo bangun pan bingung yak mau ngapain,NonCyberbully
113,setuju setuju jugak tolong cepatkan vaksin kat daftar kat mysejahtera penat,NonCyberbully
114,i perlukan runner area sabak bernam urgent family barang makan please please please tolong sebarkan kot kot nampak amp tolong hantar barang dm me,Cyberbully
115,tengah alami masalah waktu tengah syok shopping sale dekat shopee rupanya guna shipping j amp t pakai alamat gombak adehhh,Cyberbully
116,mao ngomong kasar gak sik,NonCyberbully
117,teruknya fans mexico baling barang masuk padang,Cyberbully
118,lamak na brang poslaju kuching mok sampey bintulu hari gerak dri klia sampey poslaju btu,NonCyberbully
119,buka jawatan diam membisu,NonCyberbully
120,haha bento boxes okay jelah haram jadah selangor dok buat hype kata sedap,NonCyberbully
121,ah hahahha rakyat percaya,NonCyberbully
122,masuk ipta kene ngaku melayu,Cyberbully
123,tutorial cara mengikhlaskan dong,NonCyberbully
124,baru tahu naga,NonCyberbully
125,yo lubang pagi tadi amp semalam punyo kerja kerja sepek,Cyberbully
126,baginda berharap jkjabv mempercepat menambah bilangan dos vaksin rakyat negeri selangor baginda terkejut disahkan citf jun selangor menerima sejumlah dos vaksin covid juta dos spt didakwa,NonCyberbully
127,msalahx nggk mau peronjang msa iya mau gratis mau minta naik gji x lipat,Cyberbully
128,satu keanehan si iktiraf ulama kata ulama berhala moden iktiraf lantikan soalan dilantik macam tahu dilantik surat pekeliling confirm nabi s a w,NonCyberbully
129,pahang pulak ramai ramai hentam kasa tuh beruk,Cyberbully
130,sengaja buat macam,Cyberbully
131,kawasan rumah sorang hamba tuhan meninggal hari jiran baru sedar sbb bau busuk tegur jiran eh time pkp nie,NonCyberbully
132,setiausaha politik menteri besar kedah muhammad sanusi md noor pagi dilihat terus koyak berhubung dakwaan pel,Cyberbully
133,bebudak dibendung makin lak main tiktok,NonCyberbully
134,keadilan sukar buat terutama beristeri dua,Cyberbully
135,peruntukkan parlimen muar lama kena tarik putera istana tanah ujung berhenti hentam si syed saddiq,NonCyberbully
136,pagi bangun tidur rasa macam aaaa lama kena hidup mcmni,NonCyberbully
137,isu daerah ampang gombak drp dulu susah settle sbb kat sempadan negeri macam skolah melawati kadet polis masuk daerah ampang kl gombak selangor haha,NonCyberbully
138,nk some macam area shah alam port meh dm wechat top bisex,Cyberbully
139,cek fakta dana haji pemerintah dana haji aman,NonCyberbully
140,time malam buka tiktok mesti tetiba muncul live iqramdinzly what a nightmareeee,NonCyberbully
141,habis baju takkan kembang setaman,NonCyberbully
142,bagusnya luas mata memandang kan pahang kan,Cyberbully
143,gabole berlarut larut,Cyberbully
144,taekook onetweet gila pabrik batu,NonCyberbully
145,linda mahyudin awak makan taik ka time sarapan,Cyberbully
146,nope hell naw but i dont mind jodoh at least common sense takdak pening oi,Cyberbully
147,dana haji aman,NonCyberbully
148,jijik taw,NonCyberbully
149,rasa terpaling hebat galak kena kat kelantan,NonCyberbully
150,tahniah diva aa wakilakn makisbb berani nk buat,Cyberbully
151,kenapa artis artis kat meletop selamba cerita balik kampung time raya balik kan pening balik ipoh balik kelantan,NonCyberbully
152,gofar hilman sik,NonCyberbully
153,marah betul selangor erk,NonCyberbully
154,helo bomba org terajang,NonCyberbully
155,asal tmj pasal selangor tam pamham amkum,NonCyberbully
156,baik jahat darimana sik,NonCyberbully
157,haha kelakar dengar kata selangor kelab terbesar haha yes right now,NonCyberbully
158,teresak,NonCyberbully
159,netizen please buat macam,Cyberbully
160,rilek lar bf kau kawen pmpn masalahnya kau ingat cinta kau jannah,Cyberbully
161,abam sasa kedah badan sedap best hisap kote,NonCyberbully
162,sabah terapisi,NonCyberbully
163,diorang reti baca terang pakai vest press,NonCyberbully
164,surau masjid mengandungi perpustakaan surau masjid sek,NonCyberbully
165,kadang boring,NonCyberbully
166,ye mai anis masukkan batu hidung kena gi hospital hdhahahdhahhshahs,NonCyberbully
167,twitter spaces bermanfaat,Cyberbully
168,kena tukaqla nt no more pearl of the orient penang darul kondo,NonCyberbully
169,block unblock teruihh relax minah,NonCyberbully
170,menunggu vaksin menunggu jodoh kunjung tiba,NonCyberbully
171,of cos i team minum kuasa i perah buah semata dpt mg vitamin c siap perisa masa,NonCyberbully
172,netizen sayu lihat feri ikonik pulau pinang dibiar tenggelam sungai perai,NonCyberbully
173,simbol sinonim kesultanan melayu melaka pelanduk pokok melaka,Cyberbully
174,hujung tahun banjir kau tunggu rancangan masak datang bawa cupcake,NonCyberbully
175,burung gagak biar takut,NonCyberbully
176,selamat malam dunia tipu,NonCyberbully
177,omg gigi berlobang niii tau lama berlubang,NonCyberbully
178,report tah start buat,Cyberbully
179,knn kot tau terlupa letak spender kt hhahah,NonCyberbully
180,kau pikir halim dua tiga hari cam tenteram,NonCyberbully
181,siap buang sungai besar,Cyberbully
182,harammmm betul perangai,Cyberbully
183,once is a mistake twice is neglect thrice its enemy action terlalu kerap insiden bilik rekod jenayah terbakar mungkin kerajaan upgrade kesemuanya versi digital distributed storage multi sandaran mengelakkan keresahan ramai,Cyberbully
184,i marah ahli menteri ramai i nampak ramai dengki berkianat sesama politik m,Cyberbully
185,bersatu kedudukan pengaruh boo,NonCyberbully
186,nkri harga mati restorasi indonesia,Cyberbully
187,berpunca tangan mengundi,Cyberbully
188,habiskan first dose dulu org kampung kabor lama dieorg malas,NonCyberbully
189,maksudnya lubang belakang,NonCyberbully
190,lupa caranya mungkin terlalu nikmat,NonCyberbully
191,buat bodoh bodoh or bodoh bodoh,Cyberbully
192,puas cari org pasang aircond payah betulllll,NonCyberbully
193,push harder than yesterday lari paksa diri namanya muka lepas lari x ikhlas ok km area rumah,NonCyberbully
194,alamakkkk kat sedap macam pening apis nk cari kang,NonCyberbully
195,remote c melaka panas,NonCyberbully
196,dok ijn lama sikit,NonCyberbully
197,please someone give mat sabu microphones baling sebiji kat kepala ahli kabinet,Cyberbully
198,israel paham bahasa kedah tobat koyak kena maki,NonCyberbully
199,line celcom dekat rembau nii macam anjirr ye slow nk mampuihhh,Cyberbully
200,untungnya kedah mb macam kah kah kah,Cyberbully
201,cringe betul,Cyberbully
202,batu senku overthinking tidur,NonCyberbully
203,tolonglahh pdpr kat sekolah control tiber pulak program penaatt rasanya penat bersemuka,NonCyberbully
204,betul syu salah makan first time kan so bilas syu makan masin tersedak hahahaha sedap m,Cyberbully
205,jiaahhhh cara licik kom s benturkan agama pancasila gagal benturkan antar agama bangkeluu ndroo,NonCyberbully
206,bagilah laptop masalah tetap selesai talian internet pedalaman disediakan pencawang komunikasi disediakan,NonCyberbully
207,aduh terlalu memilih ka,NonCyberbully
208,terlalu dini anda mngatakan anak bodoh krn daring prokes ketat,Cyberbully
209,suka betul main hati perasaan too old for this sigh,NonCyberbully
210,kecepetan,NonCyberbully
211,betul soo min chan try hard rasa menyampah tengok hahah,NonCyberbully
212,nama lg mb kuasa besar bulih nk halang nk rampas mawar pn bolih,NonCyberbully
213,toxic relationship and suami dayus jahat ye sbb dibolehkan penceraian nasib wanit,NonCyberbully
214,pas dap rosak kan alam,Cyberbully
215,syak menteri besar kedah bangang kantoi jenguk raptor tempoh hari serious question datang rmbillion st q kedah,NonCyberbully
216,uwaaaa sempat bawak iris pi,NonCyberbully
217,sad selangor,NonCyberbully
218,kesian kawan hidup tenang camera,NonCyberbully
219,bising isu ye dok,NonCyberbully
220,bz tweet smpi call x angkat,Cyberbully
221,semak otak sekejap,NonCyberbully
222,azmin ali sign the petition via,NonCyberbully
223,last yr dok area bukit jalil mudah meet frenz n buddy now jauh kat kuala selangor sukar sikut tambah,NonCyberbully
224,omg sedar diri kutuk pakai proton waja cps pakai wv golf gti takpalah at least t,Cyberbully
225,bersyukur alhamdulillah sihat walafiat but never exist,NonCyberbully
226,sabar kak dunia kejam,NonCyberbully
227,marek kede sik bukak rtok xpat pay grab pay rezeki,NonCyberbully
228,akhir akhir marah marah dijalan,NonCyberbully
229,stubborn af bawa tengah jalan ingat jalan kau punya bab,Cyberbully
230,kes apeni,NonCyberbully
231,sakitnya hati anak sibuk buat mental awareness if im not mistaken benda macam tutup mata urgh,NonCyberbully
232,punya burnout meeting zoom pagi tadi pon terlepas haish,NonCyberbully
233,terover working out sakit gila badan hari,NonCyberbully
234,malaysia x reti nk jaga sejarah menteri pon x leh pakai,Cyberbully
235,del satu satunya sekolah unggulan sumut yayasan soposurung balige matauli tapanuli tengah ct foundation deli serdang binaan tokoh asal sumut level nasional melakukan utk kampungnya,NonCyberbully
236,apps mabuk my mom punya vaccine appointment hri ckp hb pastu tiba update hb pulak pusat,NonCyberbully
237,terprovokasi isu pembatalan haji,NonCyberbully
238,salah miri,Cyberbully
239,abang ipar beritahu mostly tempat hiking area sandakan nda okay lama terbiar haritu histeria kunuk,NonCyberbully
240,malaysia tempat sumber kewangan cakap tapak warisan diiktiraf unesco jalan,Cyberbully
241,benda lahanat macam claim,Cyberbully
242,pahang batalkan wkwkwk harapan sikit haribulan satu pahang kena banjir,NonCyberbully
243,ehh takdee salah kena marah jugak,NonCyberbully
244,mulia pipit kerja jalan helang kuat gebang,Cyberbully
245,hahaha tp tangan berenti sat kelai menyebai pon,Cyberbully
246,bahaya data bocor ramai kianat,Cyberbully
247,nampak penipu org muar tau masa men,NonCyberbully
248,beza tambak gondol hutan,NonCyberbully
249,tiba teringat perut masak lemak omaigoddddd,NonCyberbully
250,keren,NonCyberbully
251,me pening sop tuko kali korang kenapa ek,NonCyberbully
252,any ngo buat crowdfunding menteri kesian gaji kena potong kena makan maggi,NonCyberbully
253,wtf china tuntut kawasan jauh km wilayah kau jgn main china kawasan s,NonCyberbully
254,kan ownernya gimana sik,NonCyberbully
255,aik kerajaan negeri yng decided federal salah benak otak kau,Cyberbully
256,haih teringat cerita lama tetiba,NonCyberbully
257,turn pulak hari hari check appointment datang a,NonCyberbully
258,beli rentas kawasan so buat lahhhh,Cyberbully
259,jam kerja ngechat larut malem apalagi kalo buat kepentingan mendadak,Cyberbully
260,noh dibaca baik biar gak gampang terprovokasi dana haji aman,NonCyberbully
261,leh imejin aja ga sik,NonCyberbully
262,wei lama gak menghadap singki dapur tersumbat n meleleh dekat,NonCyberbully
263,ktk sik tidur kah hahahahahha aneh,NonCyberbully
264,lockdown buatkan my gb internet habis a week awal,NonCyberbully
265,dana haji aman dikelola badan independen terpengaruh berita hoaks,NonCyberbully
266,hari hari update vaksin kj rezeki ambil awal,NonCyberbully
267,awas lu yeee,NonCyberbully
268,cepatnya masa berlalu harap covid cepat berlalu,NonCyberbully
269,mun abang jo sik molah pkp nang teruk gik tok huhuhu,NonCyberbully
270,gigih baca sabar kena cucukx sedar nbo kali,NonCyberbully
271,goreng ayam pon hangit nasib rentung ralit,NonCyberbully
272,otak jammed gak masa wangsa maju train lama lrt last last kena tipuuuu,NonCyberbully
273,benda simple weh turun padang payah escort bagai kat kampung muar ss betul buat kerja idok,Cyberbully
274,sop jagalah jaga sop mcmna bendung wabak pandemik sah sah ikut sop jarak sadis,Cyberbully
275,masa laa angin sikit ds anwar kat ydpa masa jumpa nanti lupa promote sekali ganti ts,NonCyberbully
276,jugak kena macam dekat federal highway lepas tol batu tiga nasib jatuh,NonCyberbully
277,lagila menyesal jugala tengok end up sakit hati hahahha,NonCyberbully
278,org stres weyy majlis etc x lwh buat cuz my part time is catering,Cyberbully
279,punca betul tasik chini haihh dak takyah buat perkataan essay,Cyberbully
280,dua hari cari installer crack jumpa weiiiii,NonCyberbully
281,kimak rate star delivery laju barang unbox check quality,NonCyberbully
282,walaun kesah mb betul kome jgn fitnah,Cyberbully
283,alasan gaknak vaksin jom pakat ambil vaksin,NonCyberbully
284,kebetulan hari pekerjaan sebentar selesai suka mendongeng baga,NonCyberbully
285,sungai kelantan best air teh,Cyberbully
286,penyebaran maklumat palsu pejabat residen miri berita penuh,NonCyberbully
287,udang balik batu,NonCyberbully
288,kira lelaki perempuan peribadi karakter menentukan jodoh soal jodoh ajal amp jodoh ad,Cyberbully
289,takkk asal jawab hatii,NonCyberbully
290,pelancaran main setakat negeri semenanjung catat pendaftaran vaksin terendah kelantan terengganu gagal,NonCyberbully
291,lepastu harap customer behaviour mental,NonCyberbully
292,kenapa pulak mamat haha xsetuju xperlu plot twist lagu terlebih hor,NonCyberbully
293,daerah says pitas macam potong q lhhh my uncle kli pegi vaksin ikut jadual d tetapkn slalu kh,NonCyberbully
294,punya tkda live duk rumah hari buat bnda tengok bnda,NonCyberbully
295,lama makan burger ramli bawang sekali sobs,Cyberbully
296,diamm kat raub soopong,NonCyberbully
297,denganmu air mataaa tawa suka ria,NonCyberbully
298,padu ahh alin dok bebel bebel kat twitter nyembang emma sekali kelas hbis tnya dr soalan perghhh multitasking hahahahaha,NonCyberbully
299,kilang tiba tiba terpaling essential acano,NonCyberbully
300,kann hari buat marah geram betul,NonCyberbully
301,takyah berangan hahahah,NonCyberbully
302,tersepit kadang kadang tau marah sapa tukar kerajaan sakit hati menteri buat kerja t,Cyberbully
303,exam menda plak tengah malam oiiii,NonCyberbully
304,kau pling acah kau tau acah budakk debatee,Cyberbully
305,kesiannya,NonCyberbully
306,korang percaya mamat takkan ckp macam dekat lebai pas kat kelantan,NonCyberbully
307,so mananya penghulu ketua kampung katanya buat report mingguan,NonCyberbully
308,satu jenis bingai,NonCyberbully
309,marah diri,NonCyberbully
310,sik kenak layan,NonCyberbully
311,undi pemude,NonCyberbully
312,bapak sikit,NonCyberbully
313,hyunsik anak penyanyi lawas terkenal foto masa kecilnya disangka foto r buat jago bik,NonCyberbully
314,kuat maki haaaaaa da hahaaah,NonCyberbully
315,anjir ga terlalu suka siwonhan baram baram baram t t,NonCyberbully
316,macam haram tek silicon haha,Cyberbully
317,meh bayangke sik,NonCyberbully
318,sexuality only wa kota batu sekitarnya,NonCyberbully
319,takut kena kecam,NonCyberbully
320,salah kerajaan my ass,Cyberbully
321,lempar batu,NonCyberbully
322,sedih gilak eh sik tauk rasa gik tok sumpah sakit,NonCyberbully
323,kenapa bank islam malam eh geramnya buat transaksi heii,NonCyberbully
324,gila babi eh mb kedah menteri macam berani buat macam fikir rakyat buat,Cyberbully
325,jelas die xtau hukum thats it,NonCyberbully
326,kannn kang jawab kl kena halau kelantan kena halau pastu benda sesimple ig bawa twitter wtf,NonCyberbully
327,team kroni,NonCyberbully
328,mena sik kau tek,Cyberbully
329,nasib baik ss harapkan sibuk main ig sembang pung pang gangster hmm haram jadah,NonCyberbully
330,yes maquia hati batu menangis,NonCyberbully
331,mengalaminya tahun silam aja berita ttg pelecehan merasa sedih marah kal,NonCyberbully
332,jijik,NonCyberbully
333,alah kes harian macam menurun macam bodoh buat pkp turun turun bangang punya kerajaan,Cyberbully
334,wtf takutnya polis muda,NonCyberbully
335,so saman,NonCyberbully
336,jeng palo,NonCyberbully
337,hahahahahaahahahshah dulu pasal intern hari bincang,NonCyberbully
338,aduh anak lanang,NonCyberbully
339,simpan buat main liga penalti,NonCyberbully
340,yeeeeeee sakit hati pulak tengok part haha,NonCyberbully
341,jeli,NonCyberbully
342,halus punya racun,NonCyberbully
343,yela ibu,NonCyberbully
344,kt johor tkde,NonCyberbully
345,kelantan terbaik negeri pelbagai makanan unik,NonCyberbully
346,euuww,NonCyberbully
347,hahahhahahaha perasaan gw block ternyata cuma,NonCyberbully
348,kenyal dulu nih kalo jeli mah hancur mending karet,NonCyberbully
349,geng umno mula bash pn neflix ka tgv harap geng ph terjebat lakonan drama pukul y,NonCyberbully
350,lets say one day org kelaka burok pasal sik kawan back up oh just wonder,NonCyberbully
351,dasar hater,Cyberbully
352,biasa berbeda baru luar biasa,NonCyberbully
353,apel pagi personil sat lantas polres serdang bedagai,NonCyberbully
354,stop telling me to do onlyfans selfie maleh pulak buat content onlyfans,NonCyberbully
355,all out lakonan kesian lijah gila,NonCyberbully
356,line d rumah tok mintak terajang sikit,NonCyberbully
357,give more minutes to giroud score main tula tuchel sayang anak german hm,NonCyberbully
358,the bera scum still think multi yera bera noa waya,NonCyberbully
359,letak gam macam,NonCyberbully
360,org percaya mamat,NonCyberbully
361,mencari relevan psa,NonCyberbully
362,hb nyah,NonCyberbully
363,hahahaha jgn emosi,NonCyberbully
364,bodoh patutlah jantan,Cyberbully
365,korang puas hati ha benda betul korang tuju kat takt,Cyberbully
366,makan sabun lg baik,NonCyberbully
367,tersangka penganiaya santri deli serdang meninggal bertambah penetapan kedua tersangka baru polisi melakukan pemeriksaan mendalam tersangka utama alh merupakan kakak kelas korban,NonCyberbully
368,biarlah balik kelantan kelantan kaya air payah buat minum tingga,Cyberbully
369,bagus idea hahahha lepas kena block,NonCyberbully
370,lembik terus weh,NonCyberbully
371,dulu zaman kena marah hafal sifir pegang buku tulis baca cover blakang menangis kat bucu bilik,NonCyberbully
372,lapar mengantuk,NonCyberbully
373,salam takziah,NonCyberbully
374,tentukan motivasi,NonCyberbully
375,satu kluster baharu covid dilaporkan pahang hari kluster jaya gading sumber jabatan kesihatan negeri pahang,NonCyberbully
376,macam terlambat start episode,NonCyberbully
377,thank you encik tweet macam kesian tengok adik clueless hari positif feedback kkm pakai gelang kuarantin rumah menghadapi kesukaran bernafas hari lepas pergi cac terus bawak hospital,NonCyberbully
378,penat wey minggu campur minggu,NonCyberbully
379,rakyat jelata mengalami kesusahan bekerja perniagaan gulung tikar,NonCyberbully
380,janji pn bina menara telekomunikasi sabah via,NonCyberbully
381,letih baca teori puak dok push penggunaan ivermectin faham kenapa tunggu re,NonCyberbully
382,farah ikut telunjuk israel,NonCyberbully
383,haihhh tambah sepasang japgi kang,NonCyberbully
384,kau mabuk nyah,Cyberbully
385,malam malam jumaat kan bunda upload video channel anak ikan kelantan helok tengok full video lancap fuck bantal pm bunda okay now promo rm utk dua channel content berbeza limited slot,NonCyberbully
386,sayangnya masalah memberikan peringatan sikap terbaik mawas diri,NonCyberbully
387,bahagi details then bahagi surat kan format siap cuma masukkan details ituh pon lewweh,Cyberbully
388,baru kot tukar screen protector,NonCyberbully
389,hahahahaah kak neelo kau nilai pindah selangor terus bernilai,NonCyberbully
390,ngapa abang buang telur marah pasai,NonCyberbully
391,pundek hike belakang rumah gua roger,NonCyberbully
392,lamak sik dengar heli limpas rumah kenak duak tiga hari tok balit oo ahahahahaha seremmm,NonCyberbully
393,dukungan update softwarenya emang juara optimalisasi gatau kalo lawas bakal tetep enak,NonCyberbully
394,pati indonesia cekup cuba masuk malaysia tangkapan dilakukan persisir pantai sedeli kecil pantai hote,Cyberbully
395,kesiannyaaa mesti nk cari laut,NonCyberbully
396,bodoh sab tol ikut laluan moto nasib sedar,Cyberbully
397,maki kat facebook maghi ramai ramai,Cyberbully
398,kecoh benar deme,NonCyberbully
399,kasi burn,NonCyberbully
400,pulaa dpt nom,NonCyberbully
401,rupa menjamin kebahagiaan,NonCyberbully
402,g aner dok g aner pn dok pegi hauk setesyenn kedah,NonCyberbully
403,kerajaan pahang kelantan guna alasan tebang balak isunya mudah cari peluang kerja melalui aktiviti rosakkan alam,Cyberbully
404,org jual tp org sarawak org sareak jual beli sbb lapis cantik sekata,NonCyberbully
405,komen dr,Cyberbully
406,rider hantar kopi tumpah tinggal suku siap salahkan katanya rushing gi solat jumaat sia,NonCyberbully
407,nampak kuat pon letih hari hari kena cocok ambil darah,NonCyberbully
408,mendoakan mengaibkan suka post kenenaran banggang bah,NonCyberbully
409,yup total registration tinggi tp rollout lambat selangor satu malaysia jugak,NonCyberbully
410,perempuan kenapa rasa macam nampak student unisel cane eh,NonCyberbully
411,sabaq sabaq,NonCyberbully
412,iow pkp proklamasi darurat vaksin covid task force pejabat penerangan daerah setiu parlimen p setiu dun n permaisuri tarikh jun rabu masa pg tengahari,NonCyberbully
413,avoid jalan tuaran near jalan sekoli youll be stuck m longer than usual,Cyberbully
414,sik obrak abrik kedamaiane,NonCyberbully
415,biasa nic subang,NonCyberbully
416,petrol diesel food oil lpg amugu dumugu amal dumal,NonCyberbully
417,seriouslah macam johor are u ok my pray always with you semoga dijauhi covid,NonCyberbully
418,chocodaps chocolate bar gram chocolate bar kosong badam rasanya macam milk choc ter,NonCyberbully
419,johor mat,NonCyberbully
420,jom bby,NonCyberbully
421,dr haiwan tunjuk cara sertu samak selepas terkena najis berat cth terpegang anjing sumpah senang sertu kenapa benda diajar sejelas disekolah i ingat sertu complicated,NonCyberbully
422,hari mandi kolam takley,NonCyberbully
423,pamer perut kembung dulu ahhh,NonCyberbully
424,sedap,NonCyberbully
425,satu eh,NonCyberbully
426,macam kepong laa yb nasib satu jiran,NonCyberbully
427,tanak merajuk you suka pegi johor lama lama en,NonCyberbully
428,xrety shoppee baru daftar shop tp buh produk lg,NonCyberbully
429,buku lawas gt suka duka pelajar indonesia jepang perang pasifik tahun halaman,NonCyberbully
430,hahaha mai mai umi terpengaruh fb page masakan terengganu hari laksa hari laksam,NonCyberbully
431,lh jd sukarelawan permanent helok,NonCyberbully
432,duh gusti,NonCyberbully
433,non stop pulak,NonCyberbully
434,jalan persekutuan ft j mata air simpang kenyum sek laluan sarat sejarah dibina batu marmar kanan keadaan,Cyberbully
435,ds jawab sat,NonCyberbully
436,harus tepukan,NonCyberbully
437,hahahaha betul lama gila layan hindustan,NonCyberbully
438,aduh teringin pavlova lagii,NonCyberbully
439,kuantan buat delivery makanan letak ayuh bantu satu,NonCyberbully
440,rr rizman ruzaini rico rinaldi ramona rahman,NonCyberbully
441,oh maafkan,NonCyberbully
442,berlaku antah berantah kuasa sang pemerintah vs kifarah wabak terkena sang,NonCyberbully
443,batu mau,NonCyberbully
444,i mean i utara from perlis to kedah and penang hahahaha,NonCyberbully
445,tempat pergi haritu,NonCyberbully
446,nasib bilik ruang tamu aircond baba kuarantin bilik ruang tamu bukak aircond panasss bak hanggg,NonCyberbully
447,suggest dua suara terlalu komersial maybe adik sekolah faham,NonCyberbully
448,kirim aja karin,NonCyberbully
449,buku lawas gt perlawanan penjajahan perjuangan menegakkan kemerdekaan indonesia bumi bengkulu,NonCyberbully
450,uishhh kedah mai nii,NonCyberbully
451,org nk belanja,NonCyberbully
452,jammed bapak wa pepagi hari wa pasang hindustan,NonCyberbully
453,kerjasama majlis perwakilan pelajar unikl msi kelab ibnu sina unikl rcmp kelab unimap engineerin,NonCyberbully
454,perak,NonCyberbully
455,woiwoiwoiwoiwoi astaga yoon jeonghan amp,NonCyberbully
456,kelantan,NonCyberbully
457,miri merupakan bandar kedua terbesar sarawak,NonCyberbully
458,the boyz hyunjae,NonCyberbully
459,ahahaha gatau pokoknya salah jempol kenapa gatal,Cyberbully
460,next round i try pi swab test sekali,NonCyberbully
461,seremban bos,NonCyberbully
462,esok start werkout balik,NonCyberbully
463,tanjung kupang memorial park mh,NonCyberbully
464,hahahaha but at least tau rupanya jamu laki ingat pompuan,NonCyberbully
465,jah i shah alam i tau kawan u lajak kl patah balik shah alam soh,Cyberbully
466,logical fallacy percanggahan mantik malamantik tunamantik saur logik padanan bm kelantan seumpama ungkapan saur masuk angan akal mantik logik mala layu rosak tuna rosak,NonCyberbully
467,pls video gelek sekali,NonCyberbully
468,dahlah habis study,NonCyberbully
469,kale batu coklat batu kek d arab,NonCyberbully
470,si miri,NonCyberbully
471,hahahahahaha ajak jogging anjing ajak jogging ikut,NonCyberbully
472,waffle g cari buah pulakkk rini baru terasa nk kuaa sbbnyee sambal kicap tauhu bergedil habi,NonCyberbully
473,yakin pizza dimasak rice cooker almost everything can be cooked with a rice cooker c,NonCyberbully
474,kuat mengangkang eh hahaha balik nanti jahit,Cyberbully
475,baru menyiarkan foto adie runner sungai petani premium trusted runner,NonCyberbully
476,wee ka siong cuba mengelak tanggungjawab tindakan beliau menghentikan perkhidmatan feri pulau pinang ikonik pd januari tindakannya tentangan hebat drp rakyat khususnya pulau pinang kenyataan lanjut,NonCyberbully
477,usim kuis melepak,NonCyberbully
478,asal tanam tanam,NonCyberbully
479,teringat pulak tagline hijau putrajaya tagline pis,NonCyberbully
480,hahaha risau cakap belikan member insyaallah lepas,Cyberbully
481,tara episod drama malam my,NonCyberbully
482,area batu kab kalo emang jauh gppmy coba skrng my,NonCyberbully
483,miri sumber asli petroleum,NonCyberbully
484,pasir gudang,NonCyberbully
485,miri o,NonCyberbully
486,sila layari maklumat lanjut pekerjaan pekerjaan,NonCyberbully
487,milih tidur jalan diakhir pekan,NonCyberbully
488,workout dulu brunch rajin petang baru run rajin buat lemak tambah lapisa,NonCyberbully
489,akhirnya,NonCyberbully
490,cari kat shopee bb astu filter to negeri sembilan,NonCyberbully
491,gaya batu,NonCyberbully
492,masya,NonCyberbully
493,jojo golden wind wey dekat netflix ayuh tonton yare yare yare,Cyberbully
494,salam tuan mohon dm laptop sesuai utk kegunaan pelajar tuan terima kasih tuan,NonCyberbully
495,congratssss skrrt skkkrtt,NonCyberbully
496,awak tunggu ketupat sotong esok,NonCyberbully
497,tuh tan sri apps baru,NonCyberbully
498,jual product loveliee glow kit harga asal rm now tengah promo rm cod area muadzam p,NonCyberbully
499,kebanyakan kes sporadic trace punca jangkitan,NonCyberbully
500,kkm merekodkan jangkitan covid negara kes sporadik umr rela melaka,NonCyberbully
501,hi jual nasi arab promo harini beli pax foc pax amp foc side dish c,NonCyberbully
502,kahkahkah siala budak jalan kebun,NonCyberbully
503,kabar baik,NonCyberbully
504,nonton treasure shopee dulu yekan,NonCyberbully
505,terkendali ingin rasanya ungkapkan,NonCyberbully
506,balik kk,NonCyberbully
507,suka vibe lagu bm broken me,NonCyberbully
508,kat,NonCyberbully
509,lama try k pakcik tua,NonCyberbully
510,tkpayah amalkan g lari rumah mak jumpa laki hahaha,Cyberbully
511,awak nk cita,NonCyberbully
512,cuba,Cyberbully
513,hafiz hamidun misalnya,NonCyberbully
514,manalah tahu jalan,Cyberbully
515,penah offer duit saguhati sikit approve panel project company rm juta goyang,NonCyberbully
516,local sabah amp sarawak international south korea,NonCyberbully
517,penelitian panda,NonCyberbully
518,sekatan polis lraya nkve e tol duta arah pusat bandar tol subang arah jln lapangan terbang subang tol dsara arah tropicana city mall tol shah alam kedua arah tol bukit raja arah shah aam tol setia alam arah shah alam tol usj arah subang,Cyberbully
519,baru faham,NonCyberbully
520,muda ah cuti tidur awal,NonCyberbully
521,kali terakhir naik feri,NonCyberbully
522,selamat tengahari,NonCyberbully
523,kata perak,NonCyberbully
524,beg picnic playground zenia jd pekasam sekejap lemari tunggu pak cobid beransur pulih ye jalan deka,Cyberbully
525,menyampaikan pertanyaan,NonCyberbully
526,nasi lemak bungkus,NonCyberbully
527,masak selangor kena tmj,NonCyberbully
528,hahahah betul tea,Cyberbully
529,ketemu gak sengojo,NonCyberbully
530,keluar rumah optimakan amalan pembelian talian online info on wheels parlimen tumpat dun wakaf bharu kelaboran masa pg petang hebahan proklamasi darurat vaksinasi pkp,NonCyberbully
531,hmm sedihnyaa aaaa rinduu,NonCyberbully
532,hahaha dekat sushi king pakai time track tag kawal freshness of the sushi salah,Cyberbully
533,lumut pkpd zati,NonCyberbully
534,pembaca matang,NonCyberbully
535,bentong kena close off makin kawasan perumahan kena pkpd nasib baik lama pindah rumah,NonCyberbully
536,suami meninggal dunia isteri pampasan suami hilang upaya kekal isteri pa,NonCyberbully
537,nk rentas pulak,NonCyberbully
538,line hr slow cuma pesan rugi makan habbatussauda tau whatsap only kli,Cyberbully
539,install pubg gik tok,NonCyberbully
540,jodoh hidup paksikan jodoh kawin kemana selagi hidup berba,Cyberbully
541,permohonan jawatan kosong universiti malaysia perlis unimap kelayakan pmr spm diploma ijazah pegawai kebudayaan gred b pegawai sains gred c pegawai belia sukan gred s pegawai psikologi gred s pegawai perubatan gred ud,NonCyberbully
542,buat partime laa kat edde nih loni nk ngaja,Cyberbully
543,kejadian berlaku,NonCyberbully
544,selamat pagi perlis salam syawal h kredit foto ig mas alia,NonCyberbully
545,okay done jadj gedik,NonCyberbully
546,assalamualaikum kopi beng kaw botol teringin minum kopi beng wasap cod kuantan sebotol rm,NonCyberbully
547,beza kerja swasta kerajaan,Cyberbully
548,teringinnya makan sushi,Cyberbully
549,kek lumut hahahaha tambah cheese kek lumut cheese sedap,NonCyberbully
550,perghhh bishe bishe bossku,NonCyberbully
551,nanti naga keluar tahu,NonCyberbully
552,hahahaha syamin kenal lama hadap org hahaha,Cyberbully
553,selamat datang malaysia,NonCyberbully
554,wfh bahaya tau parcel rumah lepas satu satu hahahah,NonCyberbully
555,melalui qr code so korang just scan qr code access masuk special group fb fb group,NonCyberbully
556,khabar peminat lelaki malaya korang pekabar meh admin belanja gambar budak johor korang layan petang tengok lupa rt like korang dapatkan pakej eksklusif pm admin segera,NonCyberbully
557,polis memanggil terlibat menteri besar acp shafee abd samad,Cyberbully
558,kot naik pelamin kot singgah cemana,NonCyberbully
559,mohon pihak ambil perhatian perkembangan status aduan awal bulan mei,NonCyberbully
560,kau ingat kedai mesin,Cyberbully
561,kau maksud comfort tahu apo,Cyberbully
562,memegang batu buat nahan berak,Cyberbully
563,patutnya awak beli kipas murah made in china,NonCyberbully
564,rumah landed tingkat seremban selatan jual rm freehold bumi lot rm,NonCyberbully
565,senang buat your childress sure suka unless alergik kacang,NonCyberbully
566,baru td kat fyp terkejut comment perempuan,NonCyberbully
567,meru meru klang meru ipoh,NonCyberbully
568,wakil ketua umum kamar dagang industri kadin indonesia bidang pengembangan pengusaha nasional arsjad rasjid m,NonCyberbully
569,cubaan kali buat laksa johor lets,Cyberbully
570,kau punya bunga zim,NonCyberbully
571,silap bulan dismember,NonCyberbully
572,pelik pelik quatararo,NonCyberbully
573,tukar benelli,NonCyberbully
574,ijo bolu pandan,NonCyberbully
575,harap betul ah naik inch lama merasa inch seluar,Cyberbully
576,aww but papa is in penang jauhh,NonCyberbully
577,realme targetkan juta pengguna ponsel g indonesia,NonCyberbully
578,btw kelantan,NonCyberbully
579,ubat sakit kepala berkesan,NonCyberbully
580,darah bekam rasulullah saw,NonCyberbully
581,tgok ramai jgak pakai wallet thun haha,Cyberbully
582,bleach then maintain anti brassy shampoo leh dpt warna grey,NonCyberbully
583,tambah contect whatsapp pm kat nombor dikwan bottom stay kedah tahun,NonCyberbully
584,cuman jeli,NonCyberbully
585,craving for orange marble cake bismillah taman uda murni,NonCyberbully
586,nayan belly fat,NonCyberbully
587,eh panggil pj as putrajaya gak i tot petaling jaya only,NonCyberbully
588,tengah cari lipgloss jual tau sekali lipmatte lipcream murah murah jual,NonCyberbully
589,jempol berpecah daerah kuala pilah januari,NonCyberbully
590,miri,NonCyberbully
591,balik pahang curi pokok nenek punyalah lawa,Cyberbully
592,tp unesco biosphere reserve,NonCyberbully
593,polis daerah dang wangi menahan individu empat penjawat awam menyertai private party sebuah hotel,Cyberbully
594,iya broo tepatnya purwadadi subang alamat konveksi,NonCyberbully
595,kartel minyak masak,NonCyberbully
596,fair time claim final kadang kadang job kena tunggu siap baru dpt claim jaga jaga time kat sin,NonCyberbully
597,bloopers challenge sambung lirik lagu,NonCyberbully
598,kuantan time lockdown mesti korang tengah craving chocolate,NonCyberbully
599,new batu kali main ma waria,NonCyberbully
600,jomla pindah muar,NonCyberbully
601,nea cosplay batu,NonCyberbully
602,expo laras juni kepoin dm laras be pekan baru avail include room bebe,NonCyberbully
603,tahu kan ikan blup blup,Cyberbully
604,melakukan hal tersebut efisien g copy,NonCyberbully
605,tulah draft pon kene baca,NonCyberbully
606,hhaahaha xlah cuma lama x borak ngn org perak heheheh,NonCyberbully
607,done meeting dengn panasonic malaysia,Cyberbully
608,pusing kampung,NonCyberbully
609,jun petugas media putrajaya pelbagai agensi terima suntikan vaksin hari bersama siti nurulhu,NonCyberbully
610,cover by aiman xkisah,NonCyberbully
611,dekat rumah,NonCyberbully
612,sangka rumate besar siap bau peluh masammmm hahaha,Cyberbully
613,colour rambut nina,NonCyberbully
614,lawo pulak frame color chrome lerai piksi kang pergi gosok,NonCyberbully
615,notis penutupan sementra kaunter perkhidmatan majlis bandaraya kuantan,NonCyberbully
616,area cyberjaya jauh pulak cyberjaya akses keluar masuk cyberjaya itself,NonCyberbully
617,kat malaysia guna kan,Cyberbully
618,breakfast restoran e amp y sahul in johor bahru,NonCyberbully
619,tidur last main phone,NonCyberbully
620,tau coba sher google aja,NonCyberbully
621,tmpt sya teda,NonCyberbully
622,metallic grey lamborghini urus,NonCyberbully
623,nilai kak selangor dahtu,NonCyberbully
624,baru mengirim foto dealer super sukses motor kawasaki tenggarong,NonCyberbully
625,esok johor cuti,NonCyberbully
626,nasi arab terbaik,NonCyberbully
627,jom pelajar uitm shah alam segera lakukan pendaftaran anda pastikan bermi,Cyberbully
628,assa,NonCyberbully
629,tkmo nok belanja,NonCyberbully
630,baru mengirim foto,NonCyberbully
631,eh jale gombak kau,Cyberbully
632,sambal nyet,NonCyberbully
633,jeli sekali,NonCyberbully
634,niii,NonCyberbully
635,faktor penentu harga perhiasan emas harga perhiasan emas dibanderol gram mengikuti harga emas acuan bed,NonCyberbully
636,saat makan disalah satu foodcourt kelapa gading kerja dimana mas wings pak daerah tuh,Cyberbully
637,ampang,NonCyberbully
638,hahaha ingat sayang tadi,Cyberbully
639,kedai pusing cari roti perangcis harapnyaaaaaaaa dekat sds lahh,NonCyberbully
640,indonesia bertekad batu sandungan vietnam,Cyberbully
641,hahahaha join gak,NonCyberbully
642,kau biar betul nad tp utk kau salahnya hahahah,Cyberbully
643,wakakakakkakakka tersedak kerol ameng cian,NonCyberbully
644,kayanya batu ginjal,NonCyberbully
645,tengok bangman menari kpop,NonCyberbully
646,hehe xhabis explore pakai dekat setahun,Cyberbully
647,hari hari bermalas malasan,NonCyberbully
648,telahpun menemani ibu berumur tahun kompleks masyarakat penyayang pulau pinang ha,NonCyberbully
649,quote mungkin kalian suka menyakiti hati melempar batu lautan mudah sekali tau seberapa batu tenggelam,NonCyberbully
650,nk run x pg,NonCyberbully
651,sik berjait tok alu jd chef hahahaha pttnya hantaran ria mahal gk edehhhh,NonCyberbully
652,iow pkpd proklamasi darurat national task force vaksin covid pejabat penerangan daerah besut parlimen p dun n dun kota putera tarikh jun ahad masa petang petang,NonCyberbully
653,pos ritu lambat nau nk kali pos petang semlm rini da klang cepat pulak,NonCyberbully
654,breaking roberto martinez mengumumkan kevin de bruyne menjalani operasi rongga mata hari sabtu,NonCyberbully
655,pulak terlepaih tarikhhhh,NonCyberbully
656,parlimen p setiawangaa pagi tadi kawasan terlibat klinik kesihatan kuala lumpur pusat rawatan islam jalan tun razak pusat penilaian covid cac stadium titiwangsa pusat darah negara wisma sejarah wisma bernama,Cyberbully
657,share kat prah elok jugak hihihi,NonCyberbully
658,manja awak taktau,NonCyberbully
659,janji main game bola eh,NonCyberbully
660,otsus papua penting pembangunan papua,NonCyberbully
661,tengok kat,NonCyberbully
662,aglo hibrida indonesia edisi lawas tetap masuk daftar kolektor petani aglonema lokal aglonema widuri,NonCyberbully
663,macam kengkawan zaman sekolah tuan eleh menang punya,NonCyberbully
664,hr bpm,NonCyberbully
665,selamat pagi underwear anda kenakan semoga mnjadi pemicu semangat diawal pekan,NonCyberbully
666,jom ehh class kat lab fizik,NonCyberbully
667,merupakan pelajar yayasan sarawak,NonCyberbully
668,tweet panjang panjangggggggggg,NonCyberbully
669,rj samaniya in with mudasir rehman malik only on,NonCyberbully
670,nampak kuat pon letih hari hari kena cocok ambil darah,NonCyberbully
671,cerita sweet sour,NonCyberbully
672,special keratoconus lens diperlukan membantu penglihatan jenis keratoconus lens diberikan berbeza,NonCyberbully
673,yukkk ok bulan order via dm,NonCyberbully
674,rendang daging sara is back guys,NonCyberbully
675,pdpr sabah peruntuk rm juta beri komputerriba,NonCyberbully
676,email dihantar ramai penerima reply to all hantaran melibatkan jawapan personal bua,Cyberbully
677,selamat pagi perlis salam syawal h kredit foto ig lensa arief,NonCyberbully
678,bersaudara abu rizal bakri,NonCyberbully
679,bole ctc diorang org tau org tau awning org k,NonCyberbully
680,serbat serpihan batu,NonCyberbully
681,buat bil cuti membebel twitter,Cyberbully
682,bantu single,NonCyberbully
683,alamakkk lepak wetex lak dahh hdksndnsmm,NonCyberbully
684,court tennis penuh,NonCyberbully
685,cardigan tshirt,NonCyberbully
686,biawak nyangkut batu,NonCyberbully
687,alfa sik buka info,NonCyberbully
688,iow pkpd vaksin covid pembudayaan norma baharu pejabat penerangan daerah kuala terengganu parlimen p kuala terengganu dun n bandar tarikh rabu masa pg tengahari,NonCyberbully
689,bagian,NonCyberbully
690,jawatan kosong autofin associates johore sdn bhd admin executive kelayakan diploma gaji rm rm lo,NonCyberbully
691,iow pkp vaksin proklamasi darurat pejabat penerangan daerah kuala nerus parlimen p kuala nerus dun n bukit tunggal tarikh jun masa tengahari petang,NonCyberbully
692,am esok,NonCyberbully
693,sekatan polis jln kuching kedua arah hadapan pasar borong selayang jln ampang hadapan keduataa,NonCyberbully
694,hari giliaq my mom sesi cucuk cucuk hospital sungai petani depa pfizer sinovac,NonCyberbully
695,padia nih geng terlepas train ka,NonCyberbully
696,semakin bujangan bah mau jalan dulu kunu kg amboi tenom,Cyberbully
697,yooo official name is now sains harap hal acronym syarikat air negeri sembilan sains,NonCyberbully
698,negara area asea tenggara proses vaksinasi tinggi,NonCyberbully
699,hahahahaaaaahhahaha weh ye rt tk berkait dua perasan,NonCyberbully
700,opps macam sik jak bulan miri tok hmmmm,NonCyberbully
701,hahaha betul video silikon bertebaran timeline hari,Cyberbully
702,satu nama sebut menjelaskannya lempar batu sembunyi tangan,Cyberbully
703,ml wak awak beli rm awak ml bipolar dupe side effect by,NonCyberbully
704,lokalpride pegang lihat durasipanjangnya,NonCyberbully
705,dengar lagu,NonCyberbully
706,setuju,NonCyberbully
707,aqsa kejauhan,NonCyberbully
708,muncul cluster antrian bts meal,NonCyberbully
709,nih,NonCyberbully
710,live malam ritu join kejap ritu,NonCyberbully
711,aktiviti penurapan jalan notis penutupan sebahagian lorong km km lebuhraya gce arah shah alam aktiviti penurapan jalan lokasi km km lebuhraya gce arah shah alam tarikh jun masa pagi petang,Cyberbully
712,gk kerasa makin old aja,NonCyberbully
713,laaa esok eh result spm kuar rupanya,NonCyberbully
714,selagi peluang sauk,NonCyberbully
715,nampak ekor,NonCyberbully
716,memerlukan contact sis ye,NonCyberbully
717,haritu nampak sukarelawan perubatan dekat shah alam dekat the mines kena isi google for,Cyberbully
718,jom masak nasi kerabu nty cri resepi,NonCyberbully
719,siap hari berminat nk cat bilik anda wassap area kuantan harga bahagi pa,NonCyberbully
720,sarawak,NonCyberbully
721,arissa baru restock tiga kotak brownies cookies amp tp pkp so cod jej,NonCyberbully
722,main sik,NonCyberbully
723,balik terengganu,NonCyberbully
724,dunia,NonCyberbully
725,pasal,NonCyberbully
726,jempol,NonCyberbully
727,jual tauhu bergedil area shah alam setia alam klang esok datang goreng kat rumah seba,Cyberbully
728,hamilton tidaakkkkk,NonCyberbully
729,cochrane saga satu daerah buq hahah,NonCyberbully
730,nder tolong dilanjutin trus tag,NonCyberbully
731,sibuk betul liat wkwk,Cyberbully
732,kira batu,NonCyberbully
733,kaya batu bata,NonCyberbully
734,wkwkwkwk kontan,NonCyberbully
735,sedih bethul lagu grey,NonCyberbully
736,spoil kkali sedak duk dengar pahtu abih doh eh mv,NonCyberbully
737,yelah kan,NonCyberbully
738,cepat,NonCyberbully
739,anda ampang park merupakan pusat beli belah dibina malaysia tahun dibuka ramai mac keseluruhan lot premis,Cyberbully
740,mco continue,NonCyberbully
741,salahkan google tahan sekali google beli diorang baru tau million sorang eh offer sabah hari,NonCyberbully
742,sub,NonCyberbully
743,beruang madu senyum tipis gula pasir poffertjes puncak pass alafyu mas,NonCyberbully
744,balik kulai,NonCyberbully
745,benda ringgit jak beli malam tadik shopeee hahaha,Cyberbully
746,serious hahahaha episode i pening i faham,Cyberbully
747,customer service pelanggan internet fibre malaysia,NonCyberbully
748,wkwkwkwkwk tunjukkan sihirmu prof,NonCyberbully
749,nampak sedap,NonCyberbully
750,baru beli,NonCyberbully
751,kenyataan media badan perhubungan pas negeri johor bppnj agenda dap ph malaysian malaysia vs ketuanan melayu,Cyberbully
752,ft j sek team bp,NonCyberbully
753,teringin kerja area tampoi tahu kerja bantu anda thread kerja jawatan kosong operator kilang memasang barangan vicuum area taman gembira tampoi johor lelaki amp perempuan umur tahun tahun,Cyberbully
754,tema inovasi generasi z mengoptimalkan teknologi guna mewujudkan lingkungan berkelanjutan a,NonCyberbully
755,macam eh cari florist dekat penang,NonCyberbully
756,pakai ujar jaafar on wartawan gurau,Cyberbully
757,kau lagunya mirip magic shop yaa,Cyberbully
758,jalan persekutuan ft j sek terap batu mata burung dataran rendah daerah,Cyberbully
759,masak hari episod drama malam my johor bahru,NonCyberbully
760,update jalan kota bharu k terengganu jerteh still causing an extra m delay,Cyberbully
761,macam ooo rasa profit,NonCyberbully
762,haha betul betul balik modai,Cyberbully
763,bella baru lps lumur ikan kunyit smpai stage jari kau kuning hahahah,NonCyberbully
764,jembatan suramadu surabaya madura jembatan terpanjang asia tenggara m,NonCyberbully
765,pekan kuis melelahkan sekaliiii,NonCyberbully
766,marketing miracle mcd jeli melihat celah potensi viral aroma profit,NonCyberbully
767,wife buat aiskrim lotus biscoff takdapat rasa,NonCyberbully
768,hahahahahah alamat bangsar duduk selangor marathon dibuatnye,NonCyberbully
769,joe flizzow jaga subang berani masuk,Cyberbully
770,batu bangun,NonCyberbully
771,pagi tengok tosai terbang,NonCyberbully
772,cyber,NonCyberbully
773,kembo crash peye finish last pon dpt point,NonCyberbully
774,istirahat ntuh jempol,NonCyberbully
775,kayak sidang harta gono gini,NonCyberbully
776,adhominem lord rabbit alumnus jamann,NonCyberbully
777,i was thinking the same area rumah dentist i have to go putrajaya bangi cybe,NonCyberbully
778,buah kampung dun bakelalan terima bekalan makanan sarawakku sayang lawas lima buah kampung dewan undangan negeri dun bakelalan menerima bantuan bekalan makanan sarawakku sayang isnin berita penuh,NonCyberbully
779,puncak terubong,NonCyberbully
780,pimpinan,NonCyberbully
781,nasib sik pkei duit,NonCyberbully
782,jom harini tengok info kaedah tabur terus air pelbagai kaedah digunakan amp,Cyberbully
783,salamat,NonCyberbully
784,jahatnya kena kena haahahahhaahhaah,NonCyberbully
785,balik stuck kat perlis hahaha,Cyberbully
786,wtb what to buy taeil batu akik fire truck dm yaa chagi kali aja mau jual taeilnya bener,NonCyberbully
787,done hehe,NonCyberbully
788,baru mengirim foto borneo,NonCyberbully
789,antiran salah satu mcd dibogor hari,NonCyberbully
790,pop smoke in uniform wapi makofi,NonCyberbully
791,gunakanlah logo ph disahkan pru dulu cerita lepas amp guna logo pkr dap mesti g,NonCyberbully
792,es batu dikasih nyawa,NonCyberbully
793,menu baru kt kedai sis rm set mashed potato chicken wrap cheezy wedges coleslaw fries tempura chicken nudget chicken crispy sosej berjalan mersing singgah kedai sis,NonCyberbully
794,pemain asing keempat datang pekan depan,NonCyberbully
795,aah terkubur agaknya loghat rasa,NonCyberbully
796,habis,NonCyberbully
797,kupang lokan fav jep,NonCyberbully
798,masuuk kak rame jb,NonCyberbully
799,kalimantan timur,NonCyberbully
800,kerja kerja mengepam air keluar feri dilakukan air surut kerja membaiki kawasan,Cyberbully
801,obrolan berlanjut larut perihal lelaki serang kang hasbi kenal t,Cyberbully
802,tuan tuan,NonCyberbully
803,yoww rindu lepak balik pukul pagi,NonCyberbully
804,udah yob maghi berkoje,NonCyberbully
805,reaksi kali makan taco bell sorry terguna tangan kiri,Cyberbully
806,hi jual nasi arab promo harini beli pax foc pax amp foc side dish cov,NonCyberbully
807,tinggal nambah es batu dijamin segerrrr ger,NonCyberbully
808,kat selangor buatkan,NonCyberbully
809,bary taw tmpt buang duit syiling kau beli mcd nowadays beli self service genapkan sbb xna,Cyberbully
810,embah lanang,NonCyberbully
811,iow pkpd vaksin covid pembudayaan norma baharu pejabat penerangan daerah kuala terengganu parlimen p kuala terengganu dun n wakaf mempelam tarikh sabtu masa pg tengahari,NonCyberbully
812,tinggal tambah santan gula merah es batu,NonCyberbully
813,zona nyaman,NonCyberbully
814,khabar dirimu,NonCyberbully
815,satu kluster baharu covid dilaporkan pahang hari kluster jaya gading sumber jabatan kesihatan neger,NonCyberbully
816,yo lanang nder wkwkwk,NonCyberbully
817,gain knowledge tahu about culinary yelah commis mesti ilmu,NonCyberbully
818,chocolate milk mini bites g harga rm pack semenanjung rm pack sabah amp sarawak haa pil,NonCyberbully
819,katanya,NonCyberbully
820,selesai mengulas,NonCyberbully
821,kenapa nangis cok,NonCyberbully
822,memiliki bahasa terbanyak rumah kadal negara terbesar asia tenggara negara pasca pd ii,NonCyberbully
823,donut,NonCyberbully
824,beli mellow cookies mellowcrunch wsagent perak,NonCyberbully
825,yeah bole nampak ngn jelas,NonCyberbully
826,jelinya dicampur batu aja biar keras,NonCyberbully
827,ejas plak rista klua,NonCyberbully
828,mak zeck betul tolong kat dapur dulu datang rumah kena suruh pi duduk depan,NonCyberbully
829,maeps hmm,NonCyberbully
830,nda mau beli kah,NonCyberbully
831,selamat melaka musim kah kah kah,NonCyberbully
832,beli drive thru mcd pontian panjang sanggup que,NonCyberbully
833,hari melayangkan surat panggilan kedua pimpinan kpk sekjen kpk keterangan ucap choirul anam,NonCyberbully
834,i tengok seisi keluarga malam tadi kira ok kan,NonCyberbully
835,arigato nyan,NonCyberbully
836,jaga jaga comeback berlari balik,Cyberbully
837,mmp perangkat daerah major project kegiatan utama ta mendukung pencapaian sasaran,NonCyberbully
838,baca subtitle kdrama jelah,NonCyberbully
839,ninja jeli melihat motor mau pergi buta melihat tanda parkir gratis,NonCyberbully
840,hi jual nasi arab promo harini beli pax foc pax amp foc side dish,NonCyberbully
841,penyelarasan penugasan anggota rela johor bahru ppv persada,NonCyberbully
842,kawan shah alam sewaktu rasa lontong kepala kain dm ye macam biasa order tutup bag penuh shah alam pm nego delivery,NonCyberbully
843,hii earloop rm amp headloop rm,NonCyberbully
844,i kat selayang,NonCyberbully
845,gareng,NonCyberbully
846,iow pkpd vaksin pembudayaan norma baharu pejabat penerangan daerah hulu terengganu parlimen p hulu terengganu dun n kuala berang tarikh ahad masa pagi petang,NonCyberbully
847,asika sik makan makan,Cyberbully
848,sodap ibu nampak pedas berempah nuqman makan nama msakan,NonCyberbully
849,ngebayanginnya bnran arrownya batu,NonCyberbully
850,dinda bbw ngentot kebun,NonCyberbully
851,udang masak sambal,NonCyberbully
852,suka aj es batu mekdi,NonCyberbully
853,dirgahayu kebawah duli mulia seri baginda pertuan agong merafak sembah sambutan ul,NonCyberbully
854,admin p,NonCyberbully
855,hhahahhahah cm harom tp realiti,NonCyberbully
856,lawas nder lupakan sting,NonCyberbully
857,hang beli pelik,NonCyberbully
858,kedah,NonCyberbully
859,baru tengok the nun,NonCyberbully
860,siapp,NonCyberbully
861,mungkin darah malaysia berjangkit masa pergi langkawi hahaha,Cyberbully
862,target hari nok perabih lucifer season,NonCyberbully
863,aiyaaa napa lapar,NonCyberbully
864,selemparan batu summarecon karawang,NonCyberbully
865,zar permai motel homestay jom follow tiktok zar permai page zar permai youtube zar permai penginapan warn,NonCyberbully
866,iya belah parit pekat sikit loghatnya,NonCyberbully
867,dulu masa study kt penang dikatakan minggu naik feri pergi pulau tinggal kenangan,NonCyberbully
868,buku lawas gt bahan penataran pedoman penghayatan pengamalan pancasila uud gbhn tahun hal,NonCyberbully
869,jam brpa bener,NonCyberbully
870,st jumpa second day syd kan,NonCyberbully
871,hahahaha adoiiii nahhh tgokk,NonCyberbully
872,ah,NonCyberbully
873,bantu,NonCyberbully
874,tetap hak,NonCyberbully
875,ayokk,NonCyberbully
876,president selena gomez,NonCyberbully
877,syamsul fahri personel koramil letung kodim natuna melaksanakan monitoring pengamanan penyuntikan vaksi,NonCyberbully
878,wajib,NonCyberbully
879,poin batu ungu,NonCyberbully
880,morosi tempat pabrik china kabupaten konawe provinsi sulawesi tenggara sultra sulteng,Cyberbully
881,i hari shared pasal nasi kukus ayam berempah i jumpa area desa pandan kal,NonCyberbully
882,diharapkan mahasiswa ambil maklumdan memberikan kerjasama jitu majlis perwakilan pelaj,NonCyberbully
883,merajuk letew,NonCyberbully
884,rakyat malaysia please trust me beli mac amp cheese sedap dooh rm portion cheese layers macam cheese kfc pulak ice blended ocam cafe cheras perdana mantap,Cyberbully
885,selamat pagi,NonCyberbully
886,zombie aslinya seru kali dilemparin pake batu,NonCyberbully
887,hurmm ye baru rasa bahagia kena perli,NonCyberbully
888,abislahh org install tiktok ngesend video tiktok jak pastok dirik ndak berchat agik,NonCyberbully
889,valid sik wkwkwk,NonCyberbully
890,tahu tmj buat bantu rakyat bangsa johor,NonCyberbully
891,filter,NonCyberbully
892,rase tanggungjawab jaga nyawa org fikir tanggungjawab biar patient tersadai rase penat,NonCyberbully
893,pak mendingan pake besi dragon,NonCyberbully
894,selangor johor kedah sume cuti hahaj agung malaysia gila negeri,NonCyberbully
895,cipta peluang pekerjaan selaras status penang negeri maju bak kata macai,NonCyberbully
896,pesuruhjaya polis sabah hazani ghazali berkata ahli politik berdepan tuduhan,Cyberbully
897,panggil nie popia pisang tahu panggil,Cyberbully
898,mane ye lori aiskrim nestle order lama,NonCyberbully
899,dilakukannya koordinasi tersebut diharapkan rencana maupun persoalan terkait kawasan hutan kota bat,NonCyberbully
900,durian besau tok sempat idak balik,NonCyberbully
901,si jago merah berulah unit rumah bener meriah rata tanah,NonCyberbully
902,mb kedah test drive kereta baru dekat showroom dekat penang masa tengan lockdown showroom kereta bukak masa,NonCyberbully
903,diet jempol yuk biar kgk typo,NonCyberbully
904,update dapur tengah berasap guys taktau rupanya dok bau,NonCyberbully
905,on kt phone na benda kt dunia tutup kebodohan,Cyberbully
906,jun isnin penugasan anggota rela membantu pihak pdrm melakukan sekatan jalan raya sepanjang tempoh perin,Cyberbully
907,group besar sekoloh duk sembang pasal hospital utk bini beranok cser normal siap ngn harga haha,Cyberbully
908,uhuk sedih pinjam bahu,NonCyberbully
909,kenapa dihapus bas,NonCyberbully
910,anaknya bertambah marah mulut ibunya berkata ibu susu ibu,NonCyberbully
911,salon tada buka lockdown,NonCyberbully
912,takut vaksin kemajuan indonesia,NonCyberbully
913,tahu,Cyberbully
914,ngiyup,NonCyberbully
915,june aadk daerah kuala terengganu susah keinginan,NonCyberbully
916,if i buat dass macam inform dekat doktor,NonCyberbully
917,sekatan polis bandar baru salak tinggi sekatan persimpangan kota warisan arah bertentan,NonCyberbully
918,eh sekejap macam ep,NonCyberbully
919,buat meroyan pasal ambil phone privasi parents l,NonCyberbully
920,sukhoi su jet tempur multiperan generasi kelima buatan rusia dirancang menghancurkan jen,NonCyberbully
921,sik kkkkkkkkkkkkkk,NonCyberbully
922,ahhhh sudahhhhhh,NonCyberbully
923,ok sekejap tau,NonCyberbully
924,iow pkpd proklamasi darurat national task force vaksin covid pejabat penerangan daerah besut parlimen p dun n dun kota putera tarikh jun rabu masa pagi tengahari,NonCyberbully
925,alumni uitm,NonCyberbully
926,hmm ambe rela cancel panjat bukit besar sbb kawan ambe nk minum kofi,NonCyberbully
927,macam order kan makanan negeri ehh,NonCyberbully
928,cari eh hahaha mesti part,Cyberbully
929,turunkan liridon de paula harus ubah sikap setakat tunggu bola lawan melaka terengganu bolehlah,NonCyberbully
930,buka family member kak maybe amik satu family staff kot,NonCyberbully
931,menteri muhadjir secuil dana haji diinvestasikan infrastruktur dana haji aman,Cyberbully
932,malaysia baki perlawanan meneruskan misi piala dunia piala asia jun,Cyberbully
933,session hahaha harey satu hahahaha,Cyberbully
934,pertandingan liga dievaluasi memastikan keberlanjutan pertandingan tersebut,NonCyberbully
935,kedai open biasa foodspot pm pm pickup takeaway cod,NonCyberbully
936,yah bodoh jaman batu lu bilang tinggal makan tidur aja wkwkwk,Cyberbully
937,candi gajah struktur bangunan unik tangga batu utuh dipahat menyatu gajah perkiraan dibangun sek,NonCyberbully
938,was was pengusaha batu bara menghadapi pengurangan emisi,NonCyberbully
939,pemakluman tatacara penghantaran dokumen sebutharga drive thru jkr dungun dilampirkan pelan laluan dipatuhi kerjasama terlibat amatlah diharapkan,NonCyberbully
940,bukak balang kedua tahan terlampau sedap kuih kapit now my fav is peanutt sbb dulu nonstop makan choc tp ddua padu mantol,Cyberbully
941,haha haha,Cyberbully
942,macam marcus aurelius dulu pastu antonio,NonCyberbully
943,pengelolaan dana haji dipastikan aman dana haji aman,NonCyberbully
944,nanti ok balik lpk shisha k shah,NonCyberbully
945,bilang olehnya pasir batu karam,NonCyberbully
946,halo pengoleksi batu tertarik batu akik,NonCyberbully
947,meluncur,NonCyberbully
948,i miss negeri sembilan vibes balik kg sb,NonCyberbully
949,mempersembahkan kerajaan dap penang,Cyberbully
950,amasyada sabah bereketi,NonCyberbully
951,terkejut rendang kerbau,NonCyberbully
952,hari menerima kes diselesaikan segera amp luar selangor amp kl kawasan team terima kasih runner sudi bantu agihkan semoga bantuan kecil meringankan beban,NonCyberbully
953,minit terpaling kejiranan rsc foxrunner km km,NonCyberbully
954,marilaaa malam pastu conjuring,NonCyberbully
955,cumburu abe beruang sho kiyut,NonCyberbully
956,cemburu selangor stadium awak satu tmj,NonCyberbully
957,macam familiar gambar kambing,NonCyberbully
958,k baru tengok video tuh,NonCyberbully
959,klo usul tema khotbah pekan sekali sebulan sekali sosialisasi,NonCyberbully
960,ermmm feri dibawah kerajaan negeri under kerajaan dap lama penang under dap,Cyberbully
961,sabah sawarak negeri sembilan,NonCyberbully
962,lagu menempati posisi chart peppermnd playlist pekan to the point dimana lagu d,NonCyberbully
963,lokasi krja bakti weekend kemarin nih aslinya perkotaan anggaplah pinggiran kota krn terletak d pinggir ibu k,NonCyberbully
964,jun sumber jabatan kesihatan negeri kedah kes covid jun tengah,NonCyberbully
965,wakil bupati tinjau pelayanan gebyar vaksin kecamatan raya,NonCyberbully
966,ops landai rela tarikh jun tempat daerah pontian,Cyberbully
967,ngaaa gitu,NonCyberbully
968,hmm nek lanang angel jg opsi terakhir,NonCyberbully
969,ngomong sik kak pop ga keliatan,NonCyberbully
970,kat bro,NonCyberbully
971,ikutkan hati spin kof and so on but benda lg penting pengorbanan penting,NonCyberbully
972,lelaki memahami girl google memahami girl,Cyberbully
973,asah metu metu sik bro,NonCyberbully
974,yeeeeee haihhh accident ah hari,NonCyberbully
975,aloo i do you want,NonCyberbully
976,lanjut volinya nation league putri italia vs korea,NonCyberbully
977,wib cikunir tambun cikarang karawang lancar karawang cikarang tambun cikunir lancar,NonCyberbully
978,kenapa emo tibe,NonCyberbully
979,lh rasa salah update kot online bersepah harap,NonCyberbully
980,tertido tadi kenyang haha apo awal awal scene terberak flight hahahaha,Cyberbully
981,lapan kilang daerah klang utara diarahkan tutup selepas beroperasi surat kebenaran kementerian perdagangan antarabangsa industri miti,Cyberbully
982,punnn,NonCyberbully
983,th loro boyok,NonCyberbully
984,kenapa jempol jak gelut,NonCyberbully
985,ga dehhhhhh,NonCyberbully
986,rt kdnputrajaya rt penugasan sekatan jalan raya sjr dilaksanakan jalan jerantut lipis kual,Cyberbully
987,wehhh mengidam vacuum,NonCyberbully
988,pengerusi pakatan harapan ketua pembangkang datuk seri anwar ibrahim tiba istana negara jam pagi,NonCyberbully
989,enjoi bersama abamekso ep hantar shah balik putrajaya jugak,NonCyberbully
990,sik asik,NonCyberbully
991,sekatan polis lebuhraya nkve e tol duta menghala masuk kl tol subang menghala jln lapangan terbang subang,NonCyberbully
992,just posted a photo pejabat penerangan daerah marang,NonCyberbully
993,wartawan rasmi laman reformasi panas adun dedah pegawai khas exco perak,NonCyberbully
994,roger beb,NonCyberbully
995,haha macam biasa nanti pm tepi terus,NonCyberbully
996,terus patuhi sop penjagaan kebersihan baik menghentikan penularan covid info on wheels parlimen tanah merah dun gual ipoh masa pg petang hebahan proklamasi darurat pematuhan sop vaksin,NonCyberbully
997,iguro obanai and shinazugawa sanemi,NonCyberbully
998,poco x pro gb gb rm hmm hmm hmmm,NonCyberbully
999,weh tengok kat,NonCyberbully
1000,buku lawas gt linguistik bandingan tipologis gorys keraf tahun halaman harga minat,NonCyberbully
1001,sabah sabah peker aciklamis,NonCyberbully
1002,sabah sabah sabah sabah,NonCyberbully
1003,palam cit tmpt kau x hujan,NonCyberbully
1004,pengawasan lalulintas media pembawa domestik masuk terminal kargo bandara,NonCyberbully
1005,susah rakyat selangor bola kena bantai politik kena bantai diam kena bantai kes covid kena bantai jalan rosak kena bantai rasa spt penduduk gaza asyik kena blame,NonCyberbully
1006,capek jempol gak nav,NonCyberbully
1007,minggu ad ulcer hm,NonCyberbully
1008,awak buat salah,Cyberbully
1009,dialek negeri sembilan moncikau,NonCyberbully
1010,pakai induction temp control tahu pasal temp time relationship meats how meats break down by,Cyberbully
1011,dron mampu mengesan suhu badan melebihi darjah celsius jarak m udara,NonCyberbully
1012,haha asal pace,NonCyberbully
1013,berkait macam pasal big bro melawat sabah,NonCyberbully
1014,polisi memberikan izin menyelenggarakan liga liga syarat supporter membuat,NonCyberbully
1015,riweh,NonCyberbully
1016,suria sebatang teh tarik,NonCyberbully
1017,quote mungkin kalian suka menyakiti hati melempar batu lautan mudah sekali tau seberapa batu tenggelam,NonCyberbully
1018,gosok cuci basuh guna,NonCyberbully
1019,sik askm,NonCyberbully
1020,casstoff kycine allstarsayasaasap,NonCyberbully
1021,wujud skuad bridged gempur pemuda bn,NonCyberbully
1022,jok jomik by alh sbabk sabah ne k adar cok huldum,NonCyberbully
1023,kh kairi with long hair,NonCyberbully
1024,unimapian makan mak lampir,Cyberbully
1025,hari ketiga azwar baheera pampers fuhh mencabar ea,NonCyberbully
1026,jempol lu nanti sixpack,NonCyberbully
1027,oi sik sanggup fjfjfjfjdnd,NonCyberbully
1028,seksyen dua satu tiga kurungan satu,NonCyberbully
1029,fuh merasa lg vf,NonCyberbully
1030,abe hiroshi kira kelantan sarawak,NonCyberbully
1031,pahang,Cyberbully
1032,rekaberi run,NonCyberbully
1033,buat kerja sekolah,Cyberbully
1034,baekhyun tops,NonCyberbully
1035,pulau penyengat tanjung pinang,NonCyberbully
1036,aiseh alu lapar maca x kacak cita tok,NonCyberbully
1037,pesta besar nih,NonCyberbully
1038,jangka audio gt jangka bunyi,NonCyberbully
1039,wkwkwk tp jg kalo tva gabakal punya power so i guess bkal diem aj sperti batu,NonCyberbully
1040,jibonay sudu kosto koray gelam suk pailam na hairay bides r des sob e aki rokom tumi sahajo koro amin,NonCyberbully
1041,hehe tempat mak vaksin haritu,Cyberbully
1042,keluar bungkus makanan,NonCyberbully
1043,ampun cells colouring,NonCyberbully
1044,so daging on belom,Cyberbully
1045,aok eh mek g istanbul tok sambong belaja niat semu ready covid jak sik ready bye,NonCyberbully
1046,ikut nsd esd,NonCyberbully
1047,cucuk kt,NonCyberbully
1048,local terengganu i stan penyu international singapore dekat dekat dulu,Cyberbully
1049,pusat pemberian vaksin ppv industri johor dijangka dibuka jun dikhususkan,NonCyberbully
1050,buruan bocoran update besok bundle gold royale free fire terbaru penasaran tonton gu,NonCyberbully
1051,with kak ji lt,NonCyberbully
1052,selamat hari raya,NonCyberbully
1053,bagitahu ibu ayah minat budak subang pergi jumpa dulu okay proceed tunang terus,NonCyberbully
1054,daulat tuanku,NonCyberbully
1055,hahaha tiber masuk kepala ikan perli kan kes siang tadi dibawa,Cyberbully
1056,meriahkan pagi anda membaca jurnal patient pagi,NonCyberbully
1057,yt tok mintak pangkak batu,NonCyberbully
1058,nanti khabar member bintulu,NonCyberbully
1059,kekayaan milik,NonCyberbully
1060,petugas pejabat kesihatan daerah kuala kraitelah menaiki bot minit membawa vaksin covid,NonCyberbully
1061,dekat ye,Cyberbully
1062,time lari ingat acah tenang lari depan anjing anjing ekor kot lari,NonCyberbully
1063,blackberry bodoh mendapatkannya menghantar menerima pesanan teks e mel berhenti seketika cuba mengambil batasan,Cyberbully
1064,semakin represif aparat semakin besar gelombang masyarakat mau turun bodoh pak polisi,Cyberbully
1065,taknak taknak bodoh takyah paksa bangang,NonCyberbully
1066,bodoh pon hentak org macam ni kali accident anjing anjing signal pandu macam celaka,Cyberbully
1067,mat rempit letak motor tempat parkir kereta bodoh,Cyberbully
1068,kata eleven mansuhkan je slurpee ni macam bodoh mesin elok jual payah jual,Cyberbully
1069,babi buat macam bodoh,Cyberbully
1070,tolong faham buat benda macam selepas muat naik nampak jahat ok nampak bodoh serius,Cyberbully
1071,macam bodoh je line celcom bayar bil bayar,Cyberbully
1072,ketuai perbincangan daim si nobita menyemak pergi bodoh bebal,Cyberbully
1073,bodohnya kau ni kena tipu propaganda macam je suruh belajar main twitter,Cyberbully
1074,bodoh mampus makan habis babi bodoh suka membazir bangsat lancau ajar kau kahwin ingat datang sial,Cyberbully
1075,bodoh kau punya waktu memikirkan akhir indah kenapa hidup indah akhir,Cyberbully
1076,macam tahu benda malu makan muntah dulu menyampah si bodoh bebal dipolitikkan,Cyberbully
1077,pastu sorang bodoh cakap padan muka suruh simpanan geram kesempatan simpanan cakap ikut poket je tahu dunia ni kais pagi makan pagi kais petang makan petang peribahasa belajar,Cyberbully
1078,baling bodoh,Cyberbully
1079,bodohlah ni tunggu kes mdb dibicarakan baru cerita bodoh bos anak buahnya,Cyberbully
1080,babi cimb bank biasa payment buat hujung bulan duit baru masuk tadi terus potong macam sial bodoh bank,Cyberbully
1081,cringe betul,Cyberbully
1082,oh parlimen buka program macam pulak,Cyberbully
1083,alah kes harian macam menurun macam bodoh buat pkp turun turun bangang punya kerajaan,Cyberbully
1084,parlimen p setiawangaa pagi tadi kawasan terlibat klinik kesihatan kuala lumpur pusat rawatan islam jalan tun razak pusat penilaian covid cac stadium titiwangsa pusat darah negara wisma sejarah wisma bernama,Cyberbully
1085,baru kau tau nazbilang sabah kau rasa orensi sara tawar hati kau padan muka kau,Cyberbully
1086,kerajaan pahang kelantan guna alasan tebang balak isunya mudah cari peluang kerja melalui aktiviti rosakkan alam,Cyberbully
1087,aiyaaa napa lapar ni,Cyberbully
1088,betul susah tengok segi a amp d industry tengok art performance music amp film dorang penyampaian d,Cyberbully
1089,sch semoga membantu trivia perang khandak dimenangkan kaum muslimin karena ide salman farisi mem,Cyberbully
1090,hahahatp tangan berenti sat kelaiada menyebai pon,Cyberbully
1091,geng kedah hangpa kemusykilan hangpa dianggap fitnah fitnah ph takpe dianggap persoalan,Cyberbully
1092,linda mahyudin awak makan taik ka time sarapan,Cyberbully
1093,dekat ye,Cyberbully
1094,kerajaan gagal macam tuh urus negara teruk tahun takda perubahan,Cyberbully
1095,yah bodoh jaman batu lu bilang tinggal makan tidur aja wkwkwk,Cyberbully
1096,macam tauu diri gaji tk happy tau kekadang perasan gaji laki ka,Cyberbully
1097,entah ngapa feeling aja saat inggris juara skuat potensial diisi pemain pemain bint,Cyberbully
1098,balik pulau pergi kira kawasan terima pembangunan kat penang majoriti melayu kebun durian haha kawasan macam teluk kumbar gertak sanggul ni mesin atm takdak dekat silap kena pergi petronas balik pulau,Cyberbully
1099,separatis berbuat pemerintah sudha mati matian bangun papua dr mulai jalan jembatan sdm papua kst layak hidup nkri tangkap keadaan hidup mati,Cyberbully
1100,menteri koordinator bidang pembangunan manusia kebudayaan menko pmk muhadjir effendy mengatakan pengelolaan,Cyberbully
1101,i perlukan runner area sabak bernam urgent family barang makan please please please tolong sebarkan kot kot nampak amp tolong hantar barang dm me,Cyberbully
1102,klik bola gol berita terkini hampden park salah satu stadion lawas digunakan sebaga,Cyberbully
1103,bet k menang bodoh,Cyberbully
1104,haha haha,Cyberbully
1105,hahaha tiber masuk kepala ikan perli kan kes siang tadi dibawa,Cyberbully
1106,senyum indah langit awan milik bumi,Cyberbully
1107,hits namun kitsch hujan blitz gulita naik naik puncak gunung kasta mati lelah karena terlalu berusaha,Cyberbully
1108,kerajaan negeri berusaha menggembleng sumber memastikan penduduk pulau pinang segera memperoleh dos vaksin tempoh baharu disasarkan,Cyberbully
1109,pukul korban pakai batu tewas usai minum toak pria diamankan polres tuban,Cyberbully
1110,penjawat awam negeri persekutuan swasta bekerja ulang alik sabah wp labuan tid,Cyberbully
1111,polis daerah dang wangi menahan individu empat penjawat awam menyertai private party sebuah hotel,Cyberbully
1112,hahaha dunia biarkan kte push rank hahah,Cyberbully
1113,ketua pegawai penguatkuasa kpdnhep kelantan azanizam affendi juri berkata premis perniagaan dikompaun selepas,Cyberbully
1114,info laluan penutupan jalan kemudahan disediakan sempena program pemberian suntikan vaksin awam persada johor bermula jun julai info penuh bahagian siasatan penguatkuasaan trafik ipd johor bahru selatan,Cyberbully
1115,nampak seronok disitu kuala lumpur malaysia,Cyberbully
1116,aik kerajaan negeri yng decided federal salah benak otak kau,Cyberbully
1117,hal perlembagaan pulak fed gov mintak tangguh covid dun dibia,Cyberbully
1118,x pakei selepar kasut sik hal juakmun masuk keluar simpang x bri signal hahaha,Cyberbully
1119,joe flizzow jaga subang berani masuk,Cyberbully
1120,teruknya fans mexico baling barang masuk padang,Cyberbully
1121,gabole berlarut larut,Cyberbully
1122,r kerja kerja penyenggaraan jalan laluan ft jalan kuala lumpur tanjung malim daerah hulu selangor,Cyberbully
1123,mulia pipit kerja jalan helang kuat gebang,Cyberbully
1124,jojo golden wind wey dekat netflix ayuh tonton yare yare yare,Cyberbully
1125,kat malaysia guna kan,Cyberbully
1126,make sure malaysia cukup vaccine utk warga malaysia ameen,Cyberbully
1127,as muar involved dua party saddiq is the most reliable one masa menteri dulu kitorang mintak pembangkang still kerja jalan jugak maybe masa menteri,Cyberbully
1128,wow beras jasmine super special g percuma pembaca berita harian dapatkan eksklusif eleven shah alam bermula jun jun,Cyberbully
1129,berhati hati jahat ramai dulu,Cyberbully
1130,ppv industri malaysia mula beroperasi pengerang johor jun,Cyberbully
1131,maki kat facebook maghi ramai ramai,Cyberbully
1132,yes betul sgtgirls out there takyah jd ala bodoh sbb jodoh just be yourself lelaki sejati mencari wan,Cyberbully
1133,pande tetak indah maca duak menyuweet bepantun comment duak sikda ws kah mun sikda ws pake ws lok kedong sik make,Cyberbully
1134,kisah yb syed saddiq kaki tayang asalkan buat kerja tolong tayanglah ba,Cyberbully
1135,tengah alami masalah waktu tengah syok shopping sale dekat shopee rupanya guna shipping j amp t pakai alamat gombak adehhh,Cyberbully
1136,punya isu korang gaduh isu logo sorang bersemangat kemainmcm abis isu logo gak y,Cyberbully
1137,twitter spaces bermanfaat,Cyberbully
1138,email dihantar ramai penerima reply to all hantaran melibatkan jawapan personal bua,Cyberbully
1139,sumbangan prihatin zakat spz muip merupakan sumbangan khas membantu golongan terjejas pendapatan akibat perintah kawalan pergerakan pkp total lockdown dilaksanakan kerajaan diseluruh negara,Cyberbully
1140,rilek lar bf kau kawendgn pmpn masalahnya kau ingat cinta kau jannah,Cyberbully
1141,benda ringgit jak beli malam tadik shopeee hahaha,Cyberbully
1142,syed saddiq tuntut kerajaan strukturkan sistem percukaian masa pandemik kaya terus kaya tambahkan aset personal income realitinya muar ramai hilang kerja hilang kerja kena potong gaji,Cyberbully
1143,pm pm tutup rabu kawasan delivery kawasan ulu tiram desa tebrau mount austin taman daya alamat pick up take away jalan badik taman puteri wangsa ulu tiram johor,Cyberbully
1144,kreatif betul share about their preferences and themselves kat twtjodoh siap ala ala poste,Cyberbully
1145,kerja kerja mengepam air keluar feri dilakukan air surut kerja membaiki kawasan,Cyberbully
1146,rimas gila customer macam awak place booking gitau process refund makan masa pastu hari,Cyberbully
1147,jaga jaga comeback berlari balik,Cyberbully
1148,walaun kesah mb betul kome jgn fitnah,Cyberbully
1149,mulaikan warkah akhir nama tuhan menemukan dirimu tibalah waktunya diriku k,Cyberbully
1150,polis memanggil terlibat menteri besar acp shafee abd samad,Cyberbully
1151,respect syed saddiq utk buat utk rakyat muar keputusan utk terminate ltk sumpah keputusan bodoh,Cyberbully
1152,hahahah betul tea,Cyberbully
1153,kerajaan kerabat diraja biarkan benda berlaku sedih korang tengok sungai laut kat malaysia warna pekat tercemar compare jepun sungai cantik nature dijaga so f both of them be better jgn tahu merugikan duit rakyat,Cyberbully
1154,takkan kerja buat saringan sahajatiada us,Cyberbully
1155,baru mengelabah hahaha,Cyberbully
1156,bahagi kelonggaran utk home quarantine manusia macam kau reti bersyukur bebal selfish dibe,Cyberbully
1157,alam musnah akibat nafsu serakah manusia penjilat kemodenan wang fakir miskin ramai peduli kepentingan diri sematkan carta tertinggi celakalah kalian bersama kemodenan kalian kejar celakalah,Cyberbully
1158,terbaik bang tmbh respect dkat kau minat kau berlakon kau bersuara plak psal isu artis,Cyberbully
1159,lama makan burger ramli bawang sekali sobs,Cyberbully
1160,diungkapkan arsjad musyawarah nasional munas viii kadin digelar kendari sulawesi tenggara akhir j,Cyberbully
1161,hahaha guna benda haram berdosa,Cyberbully
1162,biarlah balik kelantanorang kelantan kaya skrgair payah buat minumtingga,Cyberbully
1163,sungai kelantan best air teh,Cyberbully
1164,yb adun gaal ustaz mohd rodzi jaafar samnat song menyampaikan sumbangan tunai skim khairat kifaalah kerajaan negeri kelantan chan wey chuan chuan wasi mendiang chan ah weng,Cyberbully
1165,komen dr,Cyberbully
1166,skarang kiwi nampak sedap sial,Cyberbully
1167,dinding batu menciptakan alami rentan tempat pertumbuhan lumut berikut cara me,Cyberbully
1168,hahaha mujur aydin behave nangis kejap hahaha klo mau lepas isyak baru siap,Cyberbully
1169,craving benda manis pulak,Cyberbully
1170,setiausaha politik menteri besar kedah muhammad sanusi md noor pagi dilihat terus koyak berhubung dakwaan pel,Cyberbully
1171,jun isnin penugasan anggota rela membantu pihak pdrm melakukan sekatan jalan raya sepanjang tempoh perin,Cyberbully
1172,penugasan saringan kesihatan covid sempadan tarikh jun tempat ciq ksab tanjung kupang gelang p,Cyberbully
1173,ahahaha gatau pokoknya salah jempol kenapa gatal,Cyberbully
1174,panggil nie popia pisang tahu panggil,Cyberbully
1175,beli rentas kawasan so buat lahhhh,Cyberbully
1176,kenapa kamus bahasa melayu kuno ye sebuah bahasa kuno berfungsi lingua franca asia tenggara mengusahakan sebuah kamus terpercaya kamus bahasa bali kuno bahasa jawa kuno diusahakan ketemu,Cyberbully
1177,diorang reti baca terang pakai vest press,Cyberbully
1178,tempat mekdi lautan hijau lokal makan disana,Cyberbully
1179,for me cukup sorang besar jaga terpulang masa depan kebahagia,Cyberbully
1180,saat makan disalah satu foodcourt kelapa gading kerja dimana mas wings pak daerah tuh,Cyberbully
1181,berlaku sbg melayu islam msia pastikan takkan berkuasa krn macam macam bala menimpa rakyat msia pas berkuasa,Cyberbully
1182,gaya hidup lu tau beliau macam kes dulu pemain bola sepak negeri amp mara silap c,Cyberbully
1183,bodoh sab tol ikut laluan moto nasib sedardah,Cyberbully
1184,pakai ujar jaafar on wartawan gurau,Cyberbully
1185,tahu,Cyberbully
1186,buat qrt duh ga expect bakal qrt,Cyberbully
1187,ramai tahu betapa benci mp larut dsai semenjak an,Cyberbully
1188,dasar jackal islam kerongkongan mulutnya via jempol semburkan kebohongan dusta henti,Cyberbully
1189,sibuk betul liat wkwk,Cyberbully
1190,reaksi kali makan taco bell sorry terguna tangan kiri,Cyberbully
1191,hahahaha syamin kenal lama hadap org hahaha,Cyberbully
1192,salam guys standard hisyam buat pc sekejap then jual so pemberani harga spend almost rm macam mencari rm cod area pasir gudang jb tempat pos specs dekat next tweet,Cyberbully
1193,sekali je client freelance kawen sekali,Cyberbully
1194,kalaulah ramai kongsi post insyaallah cepatlah dana pembinaan masjid tepi sungai tanah merah cukup bolehkan pakat kongsi,Cyberbully
1195,semakin bujangan bah mau jalan dulu lahkunu kg amboi tenom,Cyberbully
1196,single join bestnyaaaaaa,Cyberbully
1197,tengah injured tunggu kaki baik betul dulu kena buat sbb prestasi sah down teruk,Cyberbully
1198,haritu nampak sukarelawan perubatan dekat shah alam dekat the mines kena isi google for,Cyberbully
1199,kat ni,Cyberbully
1200,jun negeri kelantan penduduk masyarakat rohingya keluarga disebabkan pkp ramai hilang pekerjaan kad unhcr tamat tempoh macamana pati kerja netizen,Cyberbully
1201,lapan kilang daerah klang utara diarahkan tutup selepas beroperasi surat kebenaran kementerian perdagangan antarabangsa industri miti,Cyberbully
1202,tolongggg budak sembang x ingat dunia angkat bontot cerita x habis,Cyberbully
1203,masuk ipta kene ngaku melayu,Cyberbully
1204,ramai betul triggered bodoh bodoh bodoh bodoh cuma acah good,Cyberbully
1205,sorang betul haha eh yeke innalilahiwainnailaihirajiun,Cyberbully
1206,once is a mistake twice is neglect thrice its enemy action terlalu kerap insiden bilik rekod jenayah terbakar mungkin kerajaan upgrade kesemuanya versi digital distributed storage multi sandaran mengelakkan keresahan ramai,Cyberbully
1207,simbol sinonim kesultanan melayu melaka pelanduk pokok melaka,Cyberbully
1208,sekatan polis lraya nkve e tol duta arah pusat bandar tol subang arah jln lapangan terbang subang tol dsara arah tropicana city mall tol shah alam kedua arah tol bukit raja arah shah aam tol setia alam arah shah alam tol usj arah subang,Cyberbully
1209,pahang pulak ramai ramai hentam kasa tuh beruk,Cyberbully
1210,rt ramai biar satu malaysia tahu hutan malaysia,Cyberbully
1211,if i buat dass macam inform dekat doktor,Cyberbully
1212,lepas sis jogging sorang partner sis ic kelantan,Cyberbully
1213,hahaha betul video silikon bertebaran timeline hari,Cyberbully
1214,indonesia bertekad batu sandungan vietnam,Cyberbully
1215,degil mengalahkan buluh betong buat iklan macam siap letak mati,Cyberbully
1216,ph pagi santuy sorang buat barai a,Cyberbully
1217,bodoh ye tahu cantik ikut citarasa kenapa tah kahwin,Cyberbully
1218,bella baru lps lumur ikan kunyit smpai stage jari kau kuning hahahah,Cyberbully
1219,sebabkan org bangsat macam kau pas jahanam sebangsat bangsat manusia,Cyberbully
1220,sabaq makan rotiiiiii,Cyberbully
1221,masalah polis kelantan ni kat machang tumbuk kat kb rogol,Cyberbully
1222,serious hahahaha episode i pening i faham,Cyberbully
1223,tahniah diva aa wakilakn makisbb berani buat,Cyberbully
1224,tangan kau lepaskan,Cyberbully
1225,geram ek baca komen kt page malaysia embassy kt sgp kerajaan da bantu bahagi extension tahun komplen defakkk,Cyberbully
1226,feri membawa kenderaan ramai menyeberangi sungai rambungan kira kira km bandaraya kuching menuju destinasi lundu sematan negeri sarawak diletakkan pkp mulai mei jun,Cyberbully
1227,raja bongsu sultan abdullah maayat shah sultan johor dikenali raja seberang dipertuan hilir,Cyberbully
1228,hahaha ingat sayang tadi,Cyberbully
1229,semoga result terbaik buat adik,Cyberbully
1230,harammmm betul perangai,Cyberbully
1231,jom harini tengok info kaedah tabur terus air pelbagai kaedah digunakan amp,Cyberbully
1232,avoid jalan tuaran near jalan sekoli youll be stuck m longer than usual,Cyberbully
1233,teringin kerja area tampoi tahu kerja bantu anda thread kerja jawatan kosong operator kilang memasang barangan vicuum area taman gembira tampoi johor lelaki amp perempuan umur tahun tahun,Cyberbully
1234,menteri muhadjir secuil dana haji diinvestasikan infrastruktur dana haji aman,Cyberbully
1235,alhamdulillah syok betul cuaca harini brtmbh syok pekena kopi hahaha,Cyberbully
1236,malaysia dulu nanti,Cyberbully
1237,tolong retweet shah alam people kerja kosong for those tengah cari kerja musim musim mco te,Cyberbully
1238,semalam mimpi whatsapp khabar katanya ingat nom phone indah mimpi kenyataan,Cyberbully
1239,cubaan kali buat laksa johor lets,Cyberbully
1240,aah betul org sabah macam normal hehetapi parent i heheda biasa kan pnggil nama dr kecikgituuuu,Cyberbully
1241,waibi veerapan adun dap repah tampin waibi bingai sembunyi dulu parking kereta exco dekat p oku harini masuk rumah pakai kasut inilahlah waibi biadap,Cyberbully
1242,halo kak mohon maaf ketidaknyamanannya informasi lanjut silakan kakak hubungi bank bri livechat w,Cyberbully
1243,kah kah kah,Cyberbully
1244,benda simple weh turun padang payah escort bagai kat kampung muar ss betul buat kerja idok,Cyberbully
1245,jual tauhu bergedil area shah alam setia alam klang esok datang goreng kat rumah seba,Cyberbully
1246,mungkin darah malaysia berjangkit masa pergi langkawi hahaha,Cyberbully
1247,g mcd hahaha bts g cts,Cyberbully
1248,hi i jual zarzou alluskin and mimpimika free postage on shopee cod area shah alam seri kembangan penang mainland anyone beli dm or click link dekat ni,Cyberbully
1249,bismillahmudah mudahan shopee pakai,Cyberbully
1250,pulak salah hantar document,Cyberbully
1251,nope hell naw but i dont mind jodoh at least common sense takdak pening oi,Cyberbully
1252,kau pancitkan kereta kenapa kau xtegur senior tagcall da lol pukik,Cyberbully
1253,cntik independent rjin mls mmpos noob bodoh bijak senyum manis muka masam caring penyayang,Cyberbully
1254,teringat kat bukit marak tempat puteri saadong,Cyberbully
1255,me those everytime beli baju or seluar confidence size,Cyberbully
1256,mau macam begini sabah angkat tangan,Cyberbully
1257,beng wak penting diri kaya buleh mati kabo guane sek sek ning,Cyberbully
1258,manalah tahu jalan,Cyberbully
1259,bukti pas tahu benda anggap liberal komunis pemahaman politik,Cyberbully
1260,jodoh hidup paksikan jodoh kawin kemana selagi hidup berba,Cyberbully
1261,salah miri,Cyberbully
1262,asika sik makan makan,Cyberbully
1263,terlalu dini anda mngatakan anak bodoh krn daring prokes ketat,Cyberbully
1264,pakai induction temp control tahu pasal temp time relationship meats how meats break down by,Cyberbully
1265,gila babi eh mb kedah menteri macam berani buat macam fikir rakyat buat,Cyberbully
1266,pesuruhjaya polis sabah hazani ghazali berkata ahli politik berdepan tuduhan,Cyberbully
1267,r kerja kerja penyenggaraan jambatan laluan ft jalan banting semenyih daerah hulu langat,Cyberbully
1268,meru ni meru klang meru ipoh,Cyberbully
1269,balik stuck kat perlis hahaha,Cyberbully
1270,tgok ramai jgak pakai wallet thun haha,Cyberbully
1271,siap buang sungai besar,Cyberbully
1272,syed saddiq penyokong kuat tun m so kena revise balik isu tun m kerabat johor baru faham syed saddiq mengeluarkan isu ketuanan melayu diputarbelitkan l point point tahu as johorean,Cyberbully
1273,steady laaaa ramai tengah susah skrg relek beli kereta baru kettewwwww,Cyberbully
1274,msalahx nggk mau peronjang msa iya mau gratis mau minta naik gji x lipat,Cyberbully
1275,skechers buat sales campak phone,Cyberbully
1276,gambar tasik chini bogel actually from jahanam tmpt kene rogol skang x,Cyberbully
1277,peritnya mood bertukar cepat betul sekejap senyum lebar lepastu tetiba nangis macam hujan,Cyberbully
1278,brpa thn training baling tubrpe kali baling masuk bank kt belakang tuhahaa,Cyberbully
1279,hentam pas hentam parti sains hentam kedua sekali,Cyberbully
1280,makin comel pulak tengok cemburu,Cyberbully
1281,panas betul ye harini berpeluh even tk buat pape,Cyberbully
1282,habis baju takkan kembang setaman,Cyberbully
1283,menilai kualiti kandungan selepas faham penulis cuba sampaikan nilai bena,Cyberbully
1284,alhamdulillah done perhabis baki e duit pak kerajaan dekat makpak je mama ayah jajan,Cyberbully
1285,hahaha dekat sushi king pakai time track tag kawal freshness of the sushi salah,Cyberbully
1286,korang puas hati ha benda betul korang tuju kat takt,Cyberbully
1287,netizen please buat macam,Cyberbully
1288,beza kerja swasta kerajaan,Cyberbully
1289,kerja sebulan macam settle sbb rule sampah buat masuk,Cyberbully
1290,kira lelaki perempuan peribadi karakter menentukan jodoh soal jodoh ajal amp jodoh ad,Cyberbully
1291,rase tanggungjawab jaga nyawa org fikir tanggungjawab biar patient tersadai rase penat,Cyberbully
1292,goodies anak kat idcc shah alam meriah,Cyberbully
1293,macam bab,Cyberbully
1294,ngo amp aktivis bersungguh turun padang pergi cerok hulu buat csr create awareness petition bagai crea,Cyberbully
1295,nong macam hang tahu depa pakai underwear ahsjdjdldlf,Cyberbully
1296,hal indah menyenangkan berkumpul org sayangi larut canda tawa didlmnya,Cyberbully
1297,honest review i pon pakai pakai serum sumpah best rambut jdi lembut gileeee,Cyberbully
1298,program jaminan bekalan makanan kerajaan negeri melalui perbadanan kemajuan pertanian selangor pkps menggiatkan usaha menyediakan peluang amp ruang pemasaran pengeluaran agropreneur baharu berminat menceburi sektor pertanian,Cyberbully
1299,daa buat awal hantar last last minit gak,Cyberbully
1300,buat kalian streaming kalian keren paham ga sedih berlarut larut soalnya kalian keren love you guys,Cyberbully
1301,update jalan kota bharu k terengganu jerteh still causing an extra m delay,Cyberbully
1302,nih bobo larut yya kak lt,Cyberbully
1303,punya sensitif lani qayyum si kecil makan coklat buat muncung,Cyberbully
1304,tersepit kadang kadang tau marah sapa tukar kerajaan sakit hati menteri buat kerja t,Cyberbully
1305,halal maps on afn asian food network ahhh beshnye jalan cari makan kat penang amp ipoh,Cyberbully
1306,laki study buat assignment pastu rajin susun notes by subject buat folder download powerp,Cyberbully
1307,stubborn af bawa tengah jalan ingat jalan kau punya bab,Cyberbully
1308,malaysia baki perlawanan meneruskan misi piala dunia piala asia jun,Cyberbully
1309,mempersembahkan kerajaan dap penang,Cyberbully
1310,info laluan penutupan jalan kemudahan disediakan sempena program pemberian suntikan vaksin awam persada johor bermula jun julai,Cyberbully
1311,kerajaan negeri melalui yayasan hijrah selangor hijrah memperuntukkan rm juta membantu usahawan den,Cyberbully
1312,tertido tadi kenyang haha apo awal awal scene terberak flight hahahaha,Cyberbully
1313,ganti pakai jempol kaki,Cyberbully
1314,jom pelajar uitm shah alam segera lakukan pendaftaran anda pastikan bermi,Cyberbully
1315,beza project tasik chini psi ni disana tebuk tanah tebang pokok gali tanah disini tambak t,Cyberbully
1316,benda buat order tunggu dulu kejap menjawab hang,Cyberbully
1317,air kat penang beli kereta kat penang chibai muka macam gajah belalai,Cyberbully
1318,ikuti pengumuman pakej dato menteri besar dato seri langs,Cyberbully
1319,push harder than yesterday lari paksa diri namanya ni muka lepas lari x ikhlas ok km area rumah,Cyberbully
1320,kakak buat posting isu test drive mb kedah autocity terima ugutan mungkin melibatkan keluarga benda kenapa kerajaan n,Cyberbully
1321,kau pling acah kau tau acah budakk debatee,Cyberbully
1322,local terengganu i stan penyu international singapore dekat dekat dulu,Cyberbully
1323,ops landai rela tarikh jun tempat daerah pontian,Cyberbully
1324,kilang kilang essential buat air kan segi sop tktau jauh dilanggarnya,Cyberbully
1325,benda lahanat macam claim,Cyberbully
1326,btol badan kau salut emas smpai mintak k hahaha,Cyberbully
1327,lelaki memahami girl google memahami girl,Cyberbully
1328,anda berkunjung lampung selatan singgahlah pemandian air panas way belerang kalianda,Cyberbully
1329,omg sedar diri kutuk pakai proton waja cps pakai wv golf gti takpalah at least t,Cyberbully
1330,an khidmat kereta lembu digunakan jpsm utk membawa anak pokok amp peralatan menanam penanaman pokok hs bkt lagong frim amp hs kanching rawang kereta lembu mula diperkenalkan sewaktu zaman kesultanan melayu melaka abad saudagar india,Cyberbully
1331,tq maklang kuala lumpur malaysia,Cyberbully
1332,mb kedah langgar sop test kereta juru autocity berhadapan showroom ford autocity showroom buka time ni camana kira ni pesan haritu no double standard je,Cyberbully
1333,hahaha risau cakap belikan member insyaallah lepas,Cyberbully
1334,malaysia tempat sumber kewangan cakap tapak warisan diiktiraf unesco jalan,Cyberbully
1335,kadang larut emosi artinya punya anggapan emosi self nyatanya tid,Cyberbully
1336,org percaya mamat ni,Cyberbully
1337,semoga beri petunjuk waktu utk undur diri,Cyberbully
1338,desa lamongan tuntaskan data sdgs gus menteri beri penghargaan,Cyberbully
1339,macam eh betul syarikat mencuci sofa karpet tilam kusyen kereta etc but since covid hit malaysia kteo,Cyberbully
1340,bahagi details then bahagi surat kan format siap cuma masukkan details ituh pon lewweh,Cyberbully
1341,line hr slow cuma pesan rugi makan habbatussauda tau whatsap only kli,Cyberbully
1342,makan,Cyberbully
1343,esok start kerja all the best sawah,Cyberbully
1344,puak puak kerja salahkan selangkah selangor google rakyat konon bodoh tahu masukkan alamat salah diri depa,Cyberbully
1345,keadilan sukar buat terutama beristeri dua,Cyberbully
1346,rupanya maze park terbesar malaysia terletak perak lepas total lockdown ni rentas negeri bol,Cyberbully
1347,buat kerja sekolah,Cyberbully
1348,netflix hehe sna dramacool sa rasaaa p tngk hahaha,Cyberbully
1349,timeline hari dibanjiri perkataan bodoh,Cyberbully
1350,rindu lakonan salman khan jom tengok filem radhe dengar cerita gempak filem ni tengok trailer tahu tonton disini,Cyberbully
1351,mena sik kau tek,Cyberbully
1352,laptop pulak alahai berat macam lori baling koma bang jamal,Cyberbully
1353,logik bodoh namanya,Cyberbully
1354,loghat perak penang kedah terengganu pahang nogori melaka johor sabah sarawak,Cyberbully
1355,kat sandakan siap buat google form gather info,Cyberbully
1356,bodoh patutlah jantan,Cyberbully
1357,nkri harga mati restorasi indonesia,Cyberbully
1358,on kt phone na benda kt dunia tutup kebodohan,Cyberbully
1359,betul you cuma slalu bsyukur anggap berlaku rezeki live the life jgn paksa diri oke,Cyberbully
1360,org stres weyy majlis etc x lwh buat cuz my part time is catering,Cyberbully
1361,individu tax tinggi t rendah tinggi cukai syarikat kira tinggi sea naik lg pelabur minat gst dulu elok adjust ikut situasi ph mansuh cgt ph berani buat jaga taukeh lupa,Cyberbully
1362,kau lagunya mirip magic shop yaa,Cyberbully
1363,tahniah kerajaan selangor,Cyberbully
1364,abang masuk hosp shah alam sedap doh makanan mee bandung nasi minyak ayam ala chic chop,Cyberbully
1365,kau sedih critic hidup muka buruk bau kepam,Cyberbully
1366,pahang,Cyberbully
1367,betullah cakap lelaki faham perempuan,Cyberbully
1368,salah menilai ternyata hebat heol mengalahkan sunbae daebak ingin melihat reaksi antis berusaha menjatuhkan tadi antis bersembunyi batu,Cyberbully
1369,terengganu fc menjalin kerjasama strategik bersama e sport malaysia terengganu memasarkan jenama peringkat global,Cyberbully
1370,gila kau bertugas citf mungkin tua sbb tua bangka hapak tk reti tahap deep state,Cyberbully
1371,palam cit tmpt kau x hujan,Cyberbully
1372,mb kedah test drive kereta baru dekat showroom dekat penang masa tengan lockdown ni showroom kereta bukak masa ni,Cyberbully
1373,cuba,Cyberbully
1374,betul syu salah makan first time kan so bilas syu makan masin tersedak hahahaha sedap m,Cyberbully
1375,macam bodoh ni solat kat surau masjid tutup masalahnya kena tutup solat,Cyberbully
1376,memegang batu buat nahan berak,Cyberbully
1377,anda ampang park merupakan pusat beli belah dibina malaysia tahun dibuka ramai mac keseluruhan lot premis,Cyberbully
1378,menggigil bodoh typing,Cyberbully
1379,twitter liberal fb anti vax keturunan bawang ig,Cyberbully
1380,bagusnya luas mata memandang kan pahang kan,Cyberbully
1381,covid kejayaan uk rekod kematian sifar yakinkan kerajaan keberkesanan pick johor bahru jun kejayaan united,Cyberbully
